timestamp,cylinder_number,customer,job_number,grain_screened,ink_color,proof_on_ctd_ink,blade_mfg,cylinder_division,paper_type,ink_type,direct_steam,solvent_type,type_on_cylinder,press_type,press,unit_number,cylinder_size,paper_mill_location,plating_tank,proof_cut,viscosity,caliper,ink_temperature,humifity,roughness,blade_pressure,varnish_pct,press_speed,ink_pct,solvent_pct,ESA_Voltage,ESA_Amperage,wax,hardener,roller_durometer,current_density,anode_space_ratio,chrome_content,class
19910108,292,63,25503,2,0,2,1,0,2,2,1,1,2,2,821,2,3,3,1911,55.0,46,0.2,17.0,78,0.75,20,13.1,1700,50.5,36.4,0.0,0.0,2.5,1.0,34.0,40,105.0,100,0
19910109,333,63,25503,2,0,2,1,0,2,2,1,1,2,2,821,2,3,3,1910,55.0,46,0.3,15.0,80,0.75,20,6.6,1900,54.9,38.5,0.0,0.0,2.5,0.7,34.0,40,105.0,100,1
19910104,20,51,47201,2,0,2,1,0,2,0,1,1,2,3,815,9,1,3,1910,62.0,40,0.433,16.0,80,0.75,30,6.5,1850,53.8,39.8,0.0,0.0,2.8,0.9,40.0,40,103.87,100,1
19910104,244,49,39039,2,0,2,1,0,2,2,1,1,2,3,816,9,1,3,1910,52.0,40,0.3,16.0,75,0.3125,30,5.6,1467,55.6,38.8,0.0,0.0,2.5,1.3,40.0,40,108.06,100,1
19910111,173,46,37351,1,0,2,1,0,2,0,1,1,2,3,816,2,3,0,1910,50.0,46,0.3,17.0,80,0.75,30,0.0,2100,57.5,42.5,5.0,0.0,2.3,0.6,35.0,40,106.67,100,1
19910104,250,49,38039,2,0,2,1,0,2,2,1,1,2,3,816,2,1,3,1910,50.0,40,0.267,16.8,76,0.4375,28,8.6,1467,53.8,37.6,5.0,0.0,2.5,0.8,40.0,40,103.87,100,1
19910111,327,57,35751,1,0,2,1,0,0,0,1,1,2,2,827,2,3,1,1911,50.0,46,0.3,16.5,75,0.75,30,0.0,2600,62.5,37.5,6.0,0.0,2.5,0.6,30.0,40,106.67,100,1
19910111,396,57,35751,1,0,2,1,0,0,0,1,1,2,2,827,9,3,1,1911,50.0,46,0.2,16.5,75,0.75,28,0.0,2600,62.5,37.5,6.0,0.0,2.5,1.1,30.0,40,106.67,100,1
19910112,198,51,47201,2,0,2,1,0,2,2,1,3,2,0,802,7,1,3,1910,50.0,45,0.36700000000000005,12.0,70,0.75,60,0.0,1650,60.2,39.8,1.5,0.0,3.0,1.0,40.0,40,103.22,100,0
19910114,150,16,37000,2,0,2,1,0,2,2,1,1,2,3,815,2,1,3,1911,65.0,43,0.33299999999999996,16.0,75,1.0,32,22.7,1750,45.5,31.8,0.0,0.0,3.0,1.0,38.0,40,106.66,100,1
19910114,154,16,37000,2,0,2,1,0,2,2,1,1,2,3,815,9,1,3,1910,65.0,43,0.2,16.0,68,0.75,30,15.5,1750,48.5,35.9,0.0,0.0,3.0,1.0,38.0,40,106.6,100,1
19910111,354,37,35539,2,0,2,1,0,2,2,1,1,2,2,821,2,3,3,1911,50.0,50,0.36700000000000005,14.0,80,0.75,40,10.5,1700,52.6,36.8,0.0,0.0,2.5,1.0,38.0,40,105.0,100,0
19910117,377,36,35539,2,0,2,1,0,2,2,1,1,2,2,821,7,3,3,1911,50.0,50,0.3,15.0,70,1.0,30,10.0,1600,50.0,40.0,0.0,0.0,2.8,1.0,38.0,40,106.66,100,0
19910125,406,31,23052,2,0,2,1,0,2,2,1,1,2,2,821,7,3,3,1911,40.0,45,0.3,14.5,70,0.625,25,0.0,1500,59.5,40.5,0.0,0.0,2.0,1.0,40.0,40,100.0,100,0
19910117,336,36,35539,2,0,2,1,0,2,2,1,1,2,2,821,2,3,3,1911,50.0,43,0.267,16.0,75,1.0,20,15.8,1600,49.5,34.7,0.0,0.0,2.5,1.0,38.0,40,103.22,100,1
19910103,45,51,47201,0,0,2,1,0,0,0,1,1,1,1,813,9,1,3,1911,40.0,45,0.233,15.0,87,1.0,30,0.0,1400,62.5,37.5,0.0,0.0,2.5,1.0,40.0,40,103.22,100,0
19910129,60,39,38064,1,0,2,1,0,0,0,1,1,1,1,813,5,1,1,1911,30.0,45,0.2,14.0,65,0.75,30,0.0,1600,62.5,37.5,0.0,0.0,2.5,0.8,33.0,40,100.0,100,1
19910129,67,39,38064,1,0,2,1,0,0,0,1,1,1,1,813,1,1,1,1911,30.0,45,0.2,15.5,65,0.75,30,5.9,1600,58.8,35.3,0.0,0.0,2.5,1.8,33.0,40,100.0,100,1
19910123,242,64,35521,2,0,2,1,0,2,2,1,1,2,1,813,5,1,1,1910,60.0,38,0.267,16.4,64,0.75,30,11.0,1400,54.9,34.1,0.0,0.0,2.5,1.0,32.0,40,103.22,100,1
19910123,83,64,35521,2,0,2,1,0,2,2,1,1,2,1,813,1,1,1,1911,60.0,38,0.33299999999999996,16.5,66,0.75,30,6.7,1400,56.2,37.1,0.0,0.0,1.1,1.4,32.0,40,103.22,100,1
19910130,401,19,37571,1,0,2,1,0,0,0,1,2,1,2,824,2,3,1,1911,50.0,45,0.233,16.0,70,0.8125,30,0.0,2400,58.8,41.2,0.0,0.0,1.7,1.0,30.0,40,107.4,100,1
19910130,411,19,35751,1,0,2,1,0,0,0,1,2,2,2,824,9,3,1,1911,40.0,45,0.2,15.0,76,0.8125,30,0.0,2400,62.5,37.5,0.0,0.0,1.0,1.0,30.0,40,107.4,100,1
19910117,308,67,37340,1,0,2,1,0,0,0,1,1,2,2,824,2,3,1,1911,30.0,43,0.2,16.3,70,0.8125,25,1.2,2200,58.1,40.7,4.0,0.0,2.0,1.0,30.0,40,96.875,100,1
19910127,215,61,35816,1,0,2,1,0,0,0,1,1,2,2,827,2,2,1,1911,40.0,41,0.2,15.8,72,1.0,30,0.0,2000,62.5,37.5,0.0,0.0,2.5,1.0,30.0,40,107.4,100,0
19910131,36,46,37352,1,0,2,1,0,0,0,1,1,2,2,827,9,3,4,1911,40.0,42,0.2,14.5,74,1.0,25,8.0,2100,57.5,34.5,0.0,0.0,2.3,0.7,35.0,40,107.4,100,0
19910201,34,46,37352,1,0,2,1,0,0,0,1,1,2,2,827,9,3,4,1911,45.0,42,0.2,14.0,70,1.0,20,8.0,1850,57.5,34.5,0.0,0.0,2.0,0.7,35.0,40,107.4,100,0
19910130,30,46,37352,1,0,2,1,0,2,0,1,1,2,2,827,9,3,4,1911,50.0,45,0.3,15.0,76,1.0,30,8.0,2150,57.5,34.5,0.0,0.0,2.5,1.0,35.0,40,107.4,100,1
19910130,24,46,37352,1,0,2,1,0,2,0,1,1,2,2,827,2,3,4,1911,50.0,45,0.3,15.2,72,1.0,25,5.9,2150,58.8,35.3,0.0,0.0,2.5,1.0,35.0,40,107.4,100,1
19910201,339,68,37080,1,0,2,1,0,0,0,1,1,1,2,828,2,3,1,1911,35.0,42,0.2,15.0,75,0.75,30,0.0,2100,58.8,41.2,0.0,0.0,2.0,0.8,30.0,40,107.4,100,0
19910118,341,4,37157,1,0,2,1,0,0,0,1,1,1,2,828,2,3,1,1910,30.0,45,0.233,17.0,70,0.75,35,0.0,2200,58.8,41.2,0.0,0.0,2.5,1.0,33.0,40,106.45,100,0
19910206,186,46,37352,1,0,2,1,0,2,0,1,1,2,3,815,2,3,3,1911,37.5,44,0.2,16.0,90,0.75,28,20.0,2050,45.0,35.0,0.0,0.0,2.4,0.8,35.0,40,107.4,100,1
19910206,180,46,37352,1,0,2,1,0,2,0,1,1,2,3,815,9,3,3,1911,37.5,44,0.2,16.5,91,0.75,30,21.7,2050,43.5,34.8,0.0,0.0,2.7,0.8,35.0,40,107.4,100,1
19910206,300,63,25507,2,0,2,1,0,2,2,1,1,2,2,821,2,3,0,1911,45.0,44,0.267,14.1,78,0.625,22,7.6,1510,54.3,38.0,0.0,0.0,2.5,0.7,34.0,40,114.28,100,1
19910206,407,63,25507,2,0,2,1,0,2,2,1,1,2,2,821,7,3,0,1910,40.0,44,0.2,14.0,69,0.625,20,8.5,1510,53.2,38.3,2.0,0.0,2.5,0.9,34.0,40,110.0,100,1
19910208,272,69,37080,1,0,2,1,0,0,0,1,1,1,2,828,2,3,0,1911,40.0,47,0.33299999999999996,17.0,78,0.75,35,0.0,2400,58.8,41.2,4.0,0.0,2.5,1.0,30.0,40,100.0,100,0
19910211,190,2,27490,1,0,2,1,0,0,0,1,1,2,1,813,1,1,0,1911,30.0,42,0.2,15.4,64,0.875,30,0.0,1425,63.0,37.0,0.0,0.0,1.0,1.3,34.0,40,107.4,100,1
19910215,237,61,35811,1,0,2,1,0,0,0,1,1,2,3,815,2,2,1,1910,45.0,38,0.2,15.0,80,0.625,30,7.0,1600,58.1,34.9,0.0,0.0,2.5,1.5,30.0,40,103.22,100,0
19910113,172,7,35334,2,0,2,1,0,2,2,1,1,2,3,816,2,3,0,1911,40.0,43,0.267,16.0,96,1.0,28,0.0,1500,58.8,41.2,2.0,0.0,3.0,0.8,40.0,40,103.12,100,1
19910213,177,7,35334,2,0,2,1,0,2,2,1,1,2,3,816,9,3,3,1911,32.5,43,0.2,15.0,82,1.0,31,7.6,1500,54.3,38.0,4.0,0.0,2.5,1.0,40.0,40,103.12,100,1
19910212,161,58,37869,1,0,2,1,0,2,0,1,1,2,3,815,9,1,3,1911,37.5,44,0.3,15.0,85,0.75,34,0.0,1400,62.5,37.5,0.0,0.0,2.8,1.0,28.0,40,103.12,100,1
19910212,159,58,37869,1,0,2,1,0,2,0,1,1,2,3,815,2,1,3,1910,35.0,44,0.3,16.0,80,1.0,32,7.0,1400,58.1,34.9,0.0,0.0,3.0,1.0,28.0,40,103.12,100,1
19910211,190,2,27490,1,0,2,1,0,0,0,1,1,2,1,813,1,1,3,1911,30.0,42,0.2,15.4,64,0.875,30,0.0,1425,61.7,38.3,0.0,0.0,1.0,1.3,34.0,40,107.4,100,1
19910214,340,57,35752,1,0,2,1,0,0,0,1,1,2,2,824,9,3,1,1910,50.0,43,0.2,16.0,82,0.875,30,0.0,2270,55.6,44.4,12.0,0.0,2.0,1.0,30.0,40,103.22,100,1
19910214,294,57,35752,1,0,2,1,0,0,0,1,1,2,2,824,2,3,1,1910,50.0,43,0.3,16.3,80,0.8125,30,0.0,2270,55.6,44.4,12.0,0.0,1.5,1.5,30.0,40,103.22,100,1
19910214,343,43,35794,1,0,2,1,0,2,0,1,1,2,2,827,2,3,3,1911,60.0,43,0.267,15.8,57,0.75,24,1.2,1480,58.1,40.7,0.0,0.0,1.4,1.7,33.0,40,103.12,100,1
19910214,301,43,35794,1,0,2,1,0,2,0,1,1,2,2,827,9,3,3,1911,52.5,43,0.233,16.6,58,0.75,20,7.9,1480,56.2,36.0,0.0,0.0,1.7,0.7,33.0,40,103.12,100,1
19910213,294,57,35752,1,0,2,1,0,0,0,1,1,2,2,824,2,3,0,1910,50.0,43,0.3,17.0,87,0.8125,35,0.0,2300,58.8,41.2,0.0,0.0,1.3,0.7,30.0,40,103.22,100,1
19910215,23,15,37441,1,0,2,1,0,0,0,1,1,2,2,821,2,3,1,1911,25.0,38,0.2,13.0,75,0.625,25,0.0,1600,57.5,42.5,0.0,0.0,2.5,0.85,30.0,40,103.12,100,1
19910215,28,15,37441,1,0,2,1,0,0,0,1,1,2,2,821,7,3,1,1911,25.0,38,0.233,14.0,70,0.625,25,0.0,1600,58.8,41.2,5.0,0.0,1.7,0.9,30.0,40,103.12,100,1
19910221,176,46,37354,1,0,2,1,0,2,2,1,1,2,3,816,9,3,4,1911,40.0,46,0.33299999999999996,15.9,78,0.5,34,2.4,2000,61.0,36.6,0.0,0.0,2.4,1.3,35.0,40,103.22,100,1
19910223,372,6,35335,2,0,2,1,0,2,2,1,1,2,2,827,2,3,3,1911,45.0,41,0.33299999999999996,17.0,78,0.75,16,14.1,1100,50.5,35.4,0.0,0.0,2.5,1.0,50.0,40,96.97,100,0
19910223,410,6,37335,2,0,2,1,0,2,2,1,1,2,2,827,2,3,3,1911,47.5,41,0.233,16.5,72,0.75,20,14.1,1300,50.5,35.4,4.0,0.0,2.5,1.0,50.0,40,96.97,100,0
19910220,290,62,35870,1,0,1,1,0,0,0,1,1,1,2,824,2,3,1,1910,40.0,46,0.2,15.0,68,0.75,28,0.0,1700,58.8,41.2,0.0,0.0,1.0,1.0,33.0,40,103.22,100,1
19910220,412,62,35870,1,0,1,1,0,0,0,1,1,1,2,824,9,3,1,1911,40.0,46,0.267,16.5,68,0.875,25,0.0,1700,58.8,41.2,0.0,0.0,1.0,1.0,33.0,40,103.125,100,1
19910216,227,61,35811,1,0,2,1,0,0,0,1,1,2,3,815,9,2,1,1911,40.0,35,0.233,18.0,85,0.625,30,0.0,2000,62.5,37.5,0.0,0.0,2.5,0.9,30.0,40,103.125,100,1
19910213,340,57,35752,1,0,2,1,0,0,0,1,1,2,2,824,9,3,1,1910,50.0,43,0.2,17.0,84,0.75,35,0.0,2300,55.6,44.4,0.0,0.0,2.0,0.8,30.0,40,103.22,100,1
19910215,160,58,37869,1,0,2,1,0,2,0,1,1,2,0,802,7,1,3,1911,35.0,38,0.4,12.0,62,0.75,46,4.7,1400,58.8,36.5,0.0,0.0,2.0,1.0,28.0,40,103.125,100,1
19910215,162,58,37869,1,0,2,1,0,2,0,1,1,2,0,802,2,1,3,1911,35.0,38,0.433,16.0,70,0.75,50,0.0,1400,62.5,37.5,0.0,0.0,2.8,1.5,28.0,40,103.125,100,1
19910220,387,63,25509,2,0,2,1,0,2,2,1,1,2,2,821,7,3,3,1911,50.0,46,0.2,14.6,60,0.625,25,10.5,1750,52.6,36.8,2.0,0.0,2.4,0.8,28.0,40,96.97,100,0
19910304,21,46,37386,2,0,2,1,0,2,2,1,1,2,2,827,2,3,5,1910,40.0,47,0.33299999999999996,24.5,78,0.875,30,8.8,2100,54.9,36.3,16.0,0.0,2.3,1.0,40.0,40,100.0,100,0
19910303,36,46,37386,2,0,2,1,0,2,2,1,1,1,2,827,9,3,5,1910,40.0,47,0.35,14.43,76,0.75,16,7.2,2000,51.5,41.2,1.0,0.0,2.7,1.4,40.0,40,100.0,100,0
19910301,29,46,37386,2,0,2,1,0,2,2,1,1,2,2,827,2,3,5,1910,40.0,39,0.233,15.0,77,0.75,20,9.4,2000,52.1,38.5,0.0,0.0,2.5,1.0,40.0,40,103.22,100,1
19910301,32,46,37386,2,0,2,1,0,2,2,1,1,2,2,827,9,3,5,1910,40.0,39,0.2,15.0,79,0.75,20,11.8,2000,49.0,39.2,0.0,0.0,2.5,1.0,40.0,40,103.22,100,1
19910309,35,46,37386,0,0,2,1,0,2,2,1,1,2,2,827,2,3,5,1911,40.0,43,0.267,14.2,68,0.75,18,0.0,2000,62.5,37.5,0.0,0.0,2.5,1.2,40.0,40,106.45,100,0
19910306,27,46,37386,0,0,2,1,0,2,2,1,1,2,2,827,2,3,5,1910,40.0,48,0.233,14.0,80,0.75,30,0.0,2000,62.5,37.5,0.0,0.0,2.5,1.0,40.0,40,109.67,100,0
19910311,35,46,27386,0,0,2,1,0,2,2,1,1,1,2,827,2,3,5,1911,40.0,40,0.267,16.4,72,1.0,26,0.0,2000,62.5,37.5,0.0,0.0,2.5,1.0,40.0,40,106.45,100,0
19910311,397,46,37386,2,0,2,1,0,2,2,1,1,2,2,824,9,3,5,1911,40.0,40,0.35,18.5,85,0.5625,30,0.0,1900,62.5,37.5,4.0,0.0,1.8,1.4,40.0,40,106.45,100,0
19910227,39,46,37254,1,0,2,1,0,2,0,1,1,2,2,821,7,3,0,1911,42.5,41,0.3,14.0,70,0.625,20,2.3,1750,57.5,40.0,4.0,0.0,2.5,0.7,35.0,40,96.97,100,1
19910302,334,25,35457,1,0,2,1,0,0,0,1,1,2,2,828,9,3,1,1910,35.0,39,0.2,16.2,84,1.0,30,0.0,2100,62.5,37.5,4.0,0.0,2.0,0.9,30.0,40,94.117,100,1
19910307,69,51,47202,1,0,2,1,0,0,2,1,1,2,1,813,9,1,3,1910,35.0,45,0.3,14.1,65,1.0,30,0.0,1500,59.5,40.5,0.0,0.0,2.6,1.0,40.0,40,109.67,100,1
19910308,257,51,47202,1,0,2,1,0,2,2,1,3,2,0,802,2,1,3,1910,50.0,43,0.33299999999999996,14.02,68,0.75,56,7.4,1800,53.2,39.4,0.0,0.5,3.0,1.3,40.0,40,109.67,100,1
19910307,43,51,47202,1,0,2,1,0,2,2,1,1,2,3,816,2,1,3,1910,67.5,45,0.2,15.5,80,0.5,34,16.3,1683,43.5,40.2,6.0,0.0,2.5,1.0,40.0,40,109.67,100,1
19910310,367,4,37163,1,0,2,1,0,0,0,1,1,2,2,821,2,3,1,1910,55.0,37,0.267,16.0,75,0.625,20,5.6,1850,55.6,38.9,0.0,0.0,0.8,0.75,33.0,40,109.67,100,1
19910227,40,46,37354,1,0,2,1,0,2,0,1,1,2,2,821,2,3,0,1911,42.5,41,0.2,14.0,80,0.625,20,7.4,1750,53.2,39.4,0.0,0.0,2.1,0.9,35.0,40,96.97,100,1
19910307,89,51,47202,2,0,2,1,0,2,2,1,1,2,1,813,1,1,3,1910,52.5,45,0.2,15.3,72,0.75,30,12.4,1600,51.5,36.1,0.0,0.0,2.5,1.0,40.0,40,109.67,100,1
19910307,84,51,47202,1,0,2,1,0,0,2,1,1,2,1,813,10,1,3,1910,35.0,45,0.2,15.2,63,1.0,30,0.0,1500,59.5,40.5,0.0,0.0,2.3,0.9,40.0,40,109.67,100,1
19910307,93,51,47202,2,0,2,1,0,2,2,1,1,2,1,813,5,1,3,1910,52.5,45,0.233,16.0,68,0.75,30,0.0,1600,58.8,41.2,4.0,0.0,2.3,0.8,40.0,40,109.67,100,1
19910317,24,46,37355,1,0,2,1,0,2,0,1,1,2,3,816,9,3,0,1910,49.0,43,0.35,14.5,74,0.75,23,9.1,1900,56.8,34.1,2.0,0.0,0.7,0.2,35.0,40,103.22,100,0
19910314,93,51,47202,2,0,2,1,0,2,2,1,1,2,1,813,5,1,3,1910,52.5,37,0.233,14.0,73,0.75,30,9.6,1600,53.2,37.2,0.0,0.0,2.3,1.0,40.0,40,109.67,100,1
19910309,202,51,47202,2,0,2,1,0,2,2,1,1,2,1,813,9,1,3,1910,52.5,43,0.267,15.1,76,0.5,31,6.6,1650,54.9,38.5,0.0,0.0,2.5,1.5,40.0,40,109.67,100,1
19910316,309,46,37355,1,0,2,1,0,2,0,1,1,2,2,828,9,3,4,1910,40.0,44,0.2,16.1,78,0.9375,30,5.6,1800,55.6,38.9,0.0,0.0,2.0,1.0,35.0,40,103.22,100,1
19910314,89,51,47202,2,0,2,1,0,2,2,1,1,2,1,813,1,1,3,1910,52.5,37,0.2,15.0,66,0.75,30,13.3,1600,55.6,42.2,0.0,0.0,2.4,0.8,40.0,40,100.0,100,1
19910318,70,46,37355,1,0,2,1,0,2,0,1,1,2,2,827,2,3,0,1910,40.0,43,0.35,16.5,72,0.625,20,9.1,2000,56.8,34.1,4.0,0.0,2.5,0.5,35.0,40,103.22,100,1
19910318,97,46,37355,1,0,2,1,0,2,0,1,1,2,2,827,9,3,0,1910,40.0,43,0.35,16.1,70,0.625,20,11.1,2000,55.6,33.3,4.0,0.0,1.8,0.9,35.0,40,103.22,100,1
19910319,345,57,35753,1,0,2,1,0,0,0,1,1,2,2,824,9,3,1,1910,40.0,43,0.267,16.0,80,0.5625,30,5.6,1900,55.6,38.9,0.0,0.0,2.2,1.3,30.0,40,103.22,100,1
19910319,380,63,25513,2,0,2,1,0,2,2,1,1,2,2,821,7,3,3,1911,45.0,45,0.2,14.7,75,0.625,30,15.0,1734,50.0,35.0,2.0,0.0,1.5,0.6,34.0,40,103.22,100,0
19910322,109,42,38051,1,0,2,1,0,2,0,1,1,2,3,816,2,3,0,1910,60.0,49,0.33299999999999996,14.9,77,0.75,27,0.0,1650,58.8,41.2,0.0,0.0,2.5,0.7,33.0,40,103.33,100,1
19910325,400,63,25514,2,0,2,1,0,2,2,1,1,1,2,821,7,3,0,1910,55.0,49,0.267,12.5,70,0.625,30,5.6,1750,55.6,38.9,0.0,0.0,2.5,0.9,34.0,40,106.66,100,0
19910320,307,63,25513,2,0,2,1,0,2,2,1,1,2,2,821,2,3,0,1911,45.0,45,0.2,15.1,75,0.625,20,15.0,1750,50.0,35.0,0.0,0.0,1.6,0.9,34.0,40,103.22,100,1
19910322,112,42,38051,1,0,2,1,0,2,0,1,1,2,3,816,9,3,0,1910,55.0,49,0.2,15.6,74,0.75,24,0.0,1650,58.8,41.2,0.0,0.0,2.5,1.7,33.0,40,103.33,100,1
19910323,352,46,37355,1,0,2,1,0,0,0,1,1,2,2,828,2,3,0,1911,40.0,49,0.233,15.3,74,1.0,34,0.0,2000,62.5,37.5,0.0,0.0,2.2,1.0,35.0,40,100.0,100,1
19910323,332,46,37355,1,0,2,1,0,0,0,1,1,2,2,828,9,3,0,1911,40.0,49,0.233,16.8,78,0.9375,30,0.0,2000,62.5,37.5,0.0,0.0,2.4,0.9,35.0,40,100.0,100,1
19910402,417,63,25515,2,0,2,1,0,2,2,1,1,2,2,821,7,3,3,1911,42.5,46,0.3,14.0,77,0.625,42,15.8,1850,49.5,34.6,8.0,0.0,1.5,0.8,34.0,40,100.0,100,0
19910404,419,68,37081,1,0,1,1,0,0,0,1,1,2,2,828,1,3,1,1911,35.0,44,0.2,15.5,100,0.875,30,0.0,2200,53.2,46.8,0.0,0.0,0.0,0.0,30.0,40,100.0,100,0
19910330,286,6,35534,2,0,2,1,0,2,2,1,1,1,2,827,2,3,3,1910,42.0,44,0.3,15.0,80,1.25,20,16.7,1300,49.0,34.3,0.0,0.0,2.5,0.2,40.0,40,110.0,100,1
19910330,414,6,35534,2,0,2,1,0,2,2,1,1,1,2,827,9,3,3,1910,45.0,44,0.3,15.5,75,1.25,20,14.1,1300,50.5,35.4,0.0,0.0,2.5,1.5,40.0,40,110.0,100,1
19910405,290,57,35754,1,0,2,1,0,0,0,1,1,2,2,824,2,3,1,1910,50.0,43,0.3,16.0,70,0.8125,30,3.4,2400,56.8,39.8,0.0,0.0,2.5,0.8,30.0,40,103.125,100,1
19910405,351,57,35754,1,0,2,1,0,0,0,1,1,2,2,824,9,3,1,1910,47.0,43,0.267,16.0,80,0.5625,30,9.1,2400,50.5,40.4,0.0,0.0,2.5,1.1,30.0,40,103.125,100,1
19910327,364,20,37572,1,0,2,1,0,0,0,1,1,2,2,824,2,3,1,1911,35.0,48,0.233,16.0,76,0.8125,30,8.9,1900,49.5,41.6,0.0,0.0,2.5,1.2,30.0,40,103.22,100,1
19910327,386,20,37572,1,0,2,1,0,0,0,1,1,2,2,824,9,3,1,1911,35.0,48,0.233,16.0,86,0.5625,30,16.1,1900,44.6,39.3,0.0,0.0,2.5,1.5,30.0,40,103.22,100,1
19910402,212,61,35814,1,0,2,1,0,2,0,1,1,2,2,827,2,2,1,1911,35.0,43,0.233,14.0,75,1.25,20,7.6,2000,54.3,38.0,0.0,0.0,2.5,2.0,33.0,40,106.66,100,1
19910402,1,61,35814,1,0,2,1,0,2,0,1,1,2,2,827,9,2,1,1911,37.5,43,0.233,14.0,80,1.25,20,6.25,2000,52.1,41.7,0.0,0.0,3.0,1.5,33.0,40,106.66,100,1
19910406,44,9,37822,1,0,2,1,0,2,0,1,1,2,1,813,1,1,3,1910,40.0,44,0.2,15.0,68,0.75,30,0.0,1750,58.8,41.2,0.0,0.0,2.7,0.7,35.0,40,103.125,100,1
19910406,241,9,37822,1,0,2,1,0,2,0,1,1,2,1,813,5,1,3,1910,40.0,44,0.233,15.5,68,0.75,30,5.6,1750,55.6,38.9,0.0,0.0,1.5,0.5,35.0,40,103.125,100,1
19910511,219,61,35816,1,0,2,1,0,0,0,1,1,2,2,827,2,2,1,1910,47.5,68,0.4,14.0,78,0.75,22,0.0,1900,62.5,37.5,0.0,0.0,2.1,1.7,33.0,40,103.125,100,0
19910501,127,25,35458,1,0,2,1,0,0,0,1,1,1,3,816,2,3,1,1910,40.0,60,0.233,15.0,78,1.0,28,0.0,2380,60.0,40.0,3.0,0.0,2.5,1.0,30.0,40,106.66,100,0
19910502,79,51,47203,2,0,2,1,0,0,0,1,1,1,1,813,9,1,3,1910,55.0,55,0.3,16.3,100,1.0,30,0.0,1650,58.8,41.2,0.0,0.0,2.5,1.0,40.0,40,106.66,100,0
19910502,221,61,35816,1,0,2,1,0,0,0,1,1,2,3,815,2,2,1,1910,40.0,55,0.433,15.5,92,0.75,22,9.6,1550,53.2,37.2,1.0,0.0,2.9,1.3,33.0,40,106.66,100,0
19910503,221,61,35816,1,0,2,1,0,0,0,1,1,2,3,815,2,2,1,1910,40.0,52,0.2,16.0,86,0.75,26,9.6,1975,53.2,37.2,1.0,0.0,2.9,1.3,33.0,40,100.0,100,0
19910503,327,31,23055,2,0,2,1,0,2,1,1,1,2,2,821,7,3,0,1910,42.5,52,0.4,13.9,76,0.625,25,0.0,1800,50.0,50.0,0.0,0.0,2.5,0.9,40.0,40,106.66,100,0
19910507,406,63,25520,2,0,2,1,0,2,2,1,1,2,2,821,7,3,1,1910,50.0,56,0.267,15.2,76,0.625,25,3.4,1760,56.8,39.8,2.0,0.0,2.5,0.8,34.0,40,103.125,100,0
19910508,383,63,25520,2,0,2,1,0,2,2,1,1,2,2,821,7,3,3,1910,45.0,57,0.267,14.0,76,0.75,20,3.4,1800,56.2,40.4,2.0,0.0,2.0,0.8,34.0,40,103.125,100,0
19910517,312,62,35982,1,0,1,1,0,0,0,1,1,1,2,824,2,3,1,1910,47.0,67,0.4,16.0,74,0.8125,38,0.0,1900,58.8,41.2,2.0,0.0,2.5,1.1,33.0,40,103.125,100,1
19910517,367,62,35872,1,0,1,1,0,0,0,1,1,2,2,824,9,3,1,1910,47.0,67,0.33299999999999996,16.0,82,0.5625,30,1.5,1900,50.5,34.3,0.0,0.0,2.5,1.1,33.0,40,103.125,100,1
19910505,196,51,47203,2,0,2,1,0,2,2,1,1,2,1,813,5,1,3,1910,50.0,52,0.3,17.0,69,0.75,30,0.0,1700,58.8,41.2,0.0,0.0,2.2,0.9,40.0,40,106.66,100,1
19910507,263,51,47203,2,0,2,1,0,2,2,1,1,1,0,802,7,1,3,1910,50.0,55,0.233,13.34,74,0.625,30,4.8,1635,59.5,35.7,1.0,0.0,3.0,2.0,40.0,40,100.0,100,1
19910507,203,51,47203,2,0,2,1,0,2,2,1,1,1,0,802,2,1,3,1910,50.0,55,0.233,13.86,70,0.625,47,10.2,1635,51.0,38.8,0.0,0.0,3.0,1.0,40.0,40,100.0,100,1
19910505,26,51,47203,2,0,2,1,0,2,2,1,1,2,1,813,1,1,3,1910,50.0,52,0.267,15.6,71,0.75,30,20.6,1700,46.7,32.7,0.0,0.0,2.5,0.6,40.0,40,106.66,100,1
19910409,104,4,37168,1,0,2,1,0,0,0,1,1,2,3,815,2,3,1,1911,30.0,63,0.3,13.0,94,1.0,29,0.0,1800,56.2,43.8,0.0,0.0,2.5,1.0,30.0,40,110.0,100,0
19910415,105,67,37333,1,0,2,1,0,0,0,1,1,2,3,815,2,3,1,1911,50.0,60,0.267,13.6,86,1.125,28,0.0,1500,64.1,35.9,0.0,0.0,2.5,1.0,33.0,40,106.45,100,0
19910416,355,63,25517,2,0,2,1,0,2,2,1,1,1,2,821,7,3,3,1911,55.0,53,0.3,14.2,72,0.625,25,22.7,1750,45.5,31.8,1.0,0.0,2.4,0.9,34.0,40,103.125,100,0
19910426,140,67,37333,1,0,2,1,0,0,0,1,1,1,3,815,2,3,1,1910,35.0,56,0.3,15.3,80,0.75,20,0.0,1900,76.9,23.1,0.0,0.0,2.5,1.25,33.0,40,106.66,100,0
19910426,403,33,37994,2,0,2,1,0,2,2,1,1,1,2,821,7,3,3,1911,55.0,56,0.233,15.0,84,0.625,25,16.7,1850,52.1,31.3,4.0,0.0,2.0,0.6,34.0,40,103.125,100,0
19910422,394,63,25513,2,0,2,1,0,2,2,1,1,1,2,821,7,3,3,1910,55.0,49,0.2,15.0,78,0.625,20,17.1,1900,47.6,35.2,0.0,0.0,2.5,0.85,34.0,40,106.45,100,0
19910426,268,51,47203,2,0,2,1,0,2,2,1,1,2,0,802,2,1,3,1910,50.0,50,0.2,15.7,90,0.75,50,0.0,1420,62.5,37.5,0.0,0.0,3.0,1.35,40.0,40,106.45,100,1
19910426,51,51,47203,2,0,2,1,0,2,2,1,1,2,0,802,7,1,3,1910,50.0,50,0.2,15.5,74,0.75,58,4.8,1420,59.5,35.7,3.0,0.0,3.0,1.0,40.0,40,106.45,100,1
19910428,420,62,35871,1,0,1,1,0,0,0,1,1,2,2,824,9,3,1,1911,35.0,56,0.233,16.0,82,0.5625,28,5.6,2100,56.2,38.2,0.0,0.0,1.7,0.4,30.0,40,103.125,100,1
19910428,319,62,35871,1,0,1,1,0,0,0,1,1,2,2,824,2,3,1,1911,35.0,56,0.2,15.0,80,0.8125,40,8.6,2100,53.8,37.6,8.0,0.0,1.7,1.0,30.0,40,100.0,100,1
19910419,321,4,37169,1,0,2,1,0,0,0,1,1,2,2,824,2,3,1,1911,40.0,50,0.2,16.0,68,0.8125,30,0.0,2400,58.8,41.2,8.0,0.0,2.5,1.5,33.0,40,103.125,100,1
19910419,302,4,47169,1,0,2,1,0,0,0,1,1,2,2,824,9,3,1,1911,40.0,50,0.233,16.0,70,0.5625,30,0.0,2400,58.8,41.2,8.0,0.0,1.5,0.5,33.0,40,103.125,100,1
19910415,41,46,32360,1,0,2,1,0,2,0,1,1,2,2,827,2,3,0,1910,40.0,59,0.233,14.2,80,1.0,20,5.6,2000,55.6,38.9,0.0,0.0,2.0,2.5,33.0,40,106.45,100,1
19910415,37,46,32360,1,0,2,1,0,2,0,1,1,2,2,827,9,3,0,1911,37.5,59,0.233,16.0,75,0.75,20,4.3,2000,54.3,41.3,0.0,0.0,2.5,1.5,33.0,40,106.45,100,1
19910409,96,9,37822,1,0,2,1,0,2,0,1,1,2,3,816,9,1,3,1911,40.0,54,0.2,15.8,76,0.5,38,5.6,1736,55.6,38.9,0.0,0.0,2.5,1.5,35.0,40,103.125,100,1
19910409,85,9,37822,1,0,2,1,0,2,1,1,1,2,3,816,2,1,3,1911,40.0,54,0.2,15.4,78,0.5,34,5.7,1736,56.8,36.9,0.0,0.0,2.5,1.1,35.0,40,103.125,100,1
19910426,299,33,37994,2,0,2,1,0,2,2,1,1,1,2,821,2,3,3,1911,55.0,45,0.267,15.5,79,0.625,20,16.7,1850,54.3,34.3,4.0,0.0,2.5,1.0,34.0,40,100.0,100,1
19910430,291,63,25519,2,0,2,1,0,2,2,1,1,1,2,821,7,3,3,1910,52.0,64,0.4,15.5,82,0.625,30,0.0,1800,71.4,28.6,4.0,0.0,2.5,0.9,34.0,40,103.125,100,0
19910423,121,25,35458,1,0,2,1,0,0,0,1,1,1,3,816,9,3,1,1910,40.0,56,0.233,16.5,79,0.5,28,0.0,2300,60.2,39.8,0.0,0.0,2.5,1.5,30.0,40,106.45,100,0
19910605,289,25,35460,1,0,2,1,0,0,0,1,1,2,2,824,2,3,1,1910,45.0,54,0.33299999999999996,15.5,76,0.8125,30,5.6,2250,55.6,38.9,2.0,0.0,2.5,1.3,30.0,40,106.45,100,1
19910604,407,46,37365,1,0,2,1,0,2,0,1,1,2,2,828,2,3,4,1910,47.5,68,0.4,16.0,80,0.75,30,0.0,2250,58.8,41.2,0.0,0.0,1.5,1.0,35.0,40,106.45,100,1
19910604,350,46,37365,1,0,2,1,0,2,0,1,1,2,2,828,9,3,4,1910,47.5,68,0.35,16.0,80,0.75,30,0.0,2250,52.1,47.9,0.0,0.0,1.5,0.75,35.0,40,106.45,100,1
19910605,287,25,35460,1,0,2,1,0,0,0,1,1,2,2,824,9,3,1,1910,45.0,54,0.36700000000000005,15.5,74,0.5625,40,10.5,2250,52.6,36.8,2.0,0.0,2.5,1.8,30.0,40,106.45,100,1
19910603,31,46,37365,1,0,2,1,0,2,0,1,1,1,2,827,2,3,1,1911,37.5,70,0.33299999999999996,14.9,64,0.75,28,3.4,1500,57.5,39.1,0.0,0.0,2.5,1.0,40.0,40,106.89,100,1
19910603,38,46,37365,1,0,2,1,0,2,0,1,1,2,2,827,9,3,1,1911,37.5,70,0.4,15.0,65,0.75,25,5.4,1500,54.3,40.2,0.0,0.0,2.3,0.9,40.0,40,106.66,100,1
19910529,365,67,37338,1,0,2,1,0,0,0,1,1,2,2,824,2,3,1,1911,47.5,60,0.4,14.5,74,0.8125,20,8.6,1600,53.8,37.6,0.0,0.0,2.0,1.5,35.0,40,110.0,100,1
19910524,305,57,37758,1,0,2,0,0,0,0,1,1,2,2,828,9,3,1,1910,40.0,62,0.3,16.0,84,0.9375,28,0.0,2200,58.8,41.2,4.0,0.0,2.5,0.6,30.0,40,106.45,100,1
19910524,339,57,35758,1,0,2,1,0,0,0,1,1,2,2,828,2,3,1,1910,40.0,62,0.267,16.0,84,0.9375,32,0.0,2200,58.8,41.2,4.0,0.0,1.4,1.0,30.0,40,106.45,100,1
19910430,121,25,35458,1,0,2,1,0,0,0,1,1,2,3,816,9,3,1,1910,40.0,64,0.2,15.5,85,1.0,26,0.0,2400,58.8,41.2,0.0,0.0,2.5,1.0,30.0,40,103.125,100,1
19910430,127,25,35458,1,0,2,1,0,0,0,1,1,2,3,816,2,3,1,1910,40.0,64,0.233,15.0,82,0.75,31,0.0,2400,60.0,40.0,3.0,0.0,2.5,1.0,30.0,40,106.66,100,1
19910531,196,51,47203,2,0,2,1,0,2,2,1,1,1,0,802,7,1,3,1910,50.0,69,0.36700000000000005,17.0,82,0.75,50,0.0,1700,62.5,37.5,0.0,0.0,3.0,1.0,40.0,40,106.45,100,0
19910529,361,67,37338,1,0,2,1,0,0,0,1,1,1,2,824,9,3,1,1911,50.0,60,0.4,16.0,76,0.5625,28,5.6,1600,55.6,38.9,0.0,0.0,1.0,0.5,35.0,40,110.0,100,1
19910524,180,38,37915,1,0,2,1,0,0,0,1,1,2,3,815,2,3,0,1910,50.0,62,0.4,15.4,98,0.75,25,10.6,1750,48.1,41.3,0.0,0.0,2.8,1.3,33.0,40,110.0,100,1
19910524,183,38,37915,1,0,2,1,0,0,0,1,1,2,3,815,9,3,0,1911,50.0,62,0.4,14.9,96,0.75,26,11.0,1950,50.0,39.0,0.0,0.0,2.8,0.8,33.0,40,110.0,100,1
19910528,84,51,47203,2,0,2,1,0,2,2,1,1,2,1,813,1,1,3,1910,50.0,68,0.36700000000000005,13.4,70,0.75,30,20.4,1700,46.3,33.3,0.0,0.0,2.5,1.0,40.0,40,106.45,100,0
19910604,425,46,37305,1,0,2,1,0,2,0,1,1,2,3,815,9,3,4,1911,35.0,68,0.4,15.1,90,0.875,30,6.0,1500,59.5,34.5,1.0,0.0,2.5,1.0,35.0,40,106.89,100,0
19910610,103,67,37501,1,0,2,1,0,0,0,1,1,2,3,816,2,3,0,1910,40.0,56,0.3,16.02,84,0.25,30,5.3,2244,52.6,42.1,5.0,0.0,3.0,0.8,30.0,40,110.0,100,1
19910610,124,67,37501,1,0,2,1,0,0,0,1,1,2,3,816,9,3,0,1910,32.5,56,0.36700000000000005,15.03,79,0.3125,28,5.3,2244,52.6,42.1,0.0,0.0,1.8,0.5,30.0,40,106.45,100,1
19910611,364,4,37177,1,0,2,1,0,0,0,1,1,2,2,828,2,3,1,1910,40.0,56,0.3,17.0,82,0.75,30,0.0,2550,52.6,47.4,0.0,0.0,2.0,1.0,33.0,40,103.22,100,1
19910611,415,67,37177,1,0,2,1,0,0,0,1,1,2,2,828,9,3,1,1910,30.0,56,0.28300000000000003,17.0,72,0.75,30,0.0,2550,52.6,47.4,0.0,0.0,2.0,1.0,33.0,40,103.22,100,1
19910614,137,67,37501,1,0,2,1,0,0,0,1,1,2,3,815,2,3,1,1910,30.0,69,0.3,16.0,98,0.75,35,0.0,2050,62.5,37.5,0.0,0.0,2.75,1.0,33.0,40,100.0,100,1
19910614,306,57,35759,1,0,2,1,0,0,0,1,1,2,2,827,2,3,1,1910,45.0,69,0.267,15.6,72,0.75,21,5.6,2426,55.6,38.9,0.0,0.0,2.85,1.1,30.0,40,103.22,100,1
19910614,404,57,37579,1,0,2,1,0,0,0,1,1,2,2,827,9,3,1,1910,45.0,69,0.267,16.1,76,0.75,22,5.6,2426,55.6,38.9,0.0,0.0,2.7,0.7,30.0,40,103.22,100,1
19910614,135,67,37501,1,0,2,1,0,0,0,1,1,1,3,815,9,3,1,1910,32.5,69,0.2,15.5,94,0.75,30,0.5,2050,52.6,42.1,0.0,0.0,2.5,1.0,33.0,40,100.0,100,1
19910627,409,67,37502,1,0,2,1,0,0,0,1,1,1,2,824,2,3,1,1910,40.0,66,0.2,15.0,82,0.8125,30,7.0,1900,58.1,34.9,5.0,0.0,2.5,0.9,30.0,40,103.125,100,0
19910626,155,49,37938,2,0,2,1,0,2,2,1,1,1,3,816,9,1,3,1910,45.0,65,0.3,16.3,78,0.75,32,3.4,1700,56.8,39.8,4.0,0.0,2.5,1.0,34.0,40,106.45,100,0
19910622,225,60,35528,2,0,2,1,0,2,2,1,1,2,3,816,2,2,3,1910,40.0,68,0.3,14.0,88,0.75,32,0.0,1742,60.0,40.0,3.0,0.0,2.5,1.0,40.0,40,103.125,100,0
19910619,387,67,37199,1,0,2,1,0,2,0,1,1,2,2,824,9,3,1,1910,40.0,64,0.2,16.5,82,0.5625,30,2.3,1900,57.5,40.2,0.0,0.0,1.3,0.8,30.0,40,106.45,100,0
19910618,165,16,37003,2,0,2,1,0,2,1,1,1,2,3,815,2,1,3,1910,40.0,65,0.267,16.2,79,0.625,30,0.0,1500,62.5,37.5,4.0,0.0,2.5,1.0,38.0,40,106.45,100,0
19910617,245,34,37990,2,0,2,1,0,2,2,1,1,2,1,813,1,1,3,1910,50.0,66,0.233,16.0,87,1.0,30,11.1,1530,55.6,33.3,0.0,0.0,2.5,1.0,34.0,40,100.0,100,0
19910609,427,46,37365,1,0,2,1,0,2,0,1,1,2,3,815,9,3,3,1911,35.0,62,0.4,14.5,94,1.0,35,0.0,1900,63.3,36.7,0.0,0.0,2.5,1.0,35.0,40,106.89,100,0
19910609,330,25,35460,1,0,2,1,0,0,0,1,1,1,2,824,2,3,1,1910,40.0,62,0.2,16.0,80,0.8125,40,0.0,2250,62.5,37.5,0.0,0.0,2.5,0.7,30.0,40,110.0,100,0
19910607,4,46,37365,1,0,2,1,0,2,0,1,1,2,2,827,9,3,3,1910,42.5,58,0.4,15.0,76,1.0,20,5.4,2000,54.3,40.2,0.0,0.0,2.5,1.0,35.0,40,103.33,100,0
19910707,197,51,47204,2,0,2,1,0,0,0,1,1,2,1,813,9,1,3,1910,50.0,64,0.233,18.0,64,1.0,30,0.0,1300,62.5,37.5,0.0,0.0,3.0,1.0,40.0,40,106.45,100,0
19910707,64,51,47204,2,0,2,1,0,0,0,1,1,2,1,813,10,1,0,1910,50.0,64,0.2,16.0,86,0.75,30,0.0,1300,58.8,41.1,0.0,0.0,2.5,1.0,40.0,40,106.45,100,0
19910629,169,49,37938,2,0,2,1,0,2,2,1,1,2,3,816,2,1,1,1910,60.0,66,0.2,14.5,85,0.25,30,0.0,2000,62.2,37.8,0.0,0.0,2.5,1.0,34.0,40,106.45,100,0
19910706,357,67,37505,1,0,2,1,0,0,0,1,1,1,2,824,9,3,1,1910,40.0,64,0.233,15.4,88,0.5625,24,4.4,1835,55.5,40.0,2.0,0.0,2.0,1.3,30.0,40,106.45,100,1
19910706,398,67,37505,1,0,2,1,0,0,0,1,1,1,2,824,2,3,1,1910,40.0,64,0.2,16.0,76,0.8125,23,4.8,1835,59.5,35.7,3.0,0.0,2.0,0.7,30.0,40,106.45,100,1
19900514,95,51,47103,2,0,2,1,0,2,2,1,1,2,3,816,9,1,3,1910,47.5,63,0.3,16.4,84,0.5,27,20.7,1800,41.3,38.0,5.0,0.0,2.6,0.3,40.0,33,96.7,100,0
19900509,61,51,47103,2,0,2,1,0,2,2,1,3,2,3,816,9,1,3,1910,50.0,50,0.3,14.5,84,0.25,24,20.7,1500,41.3,38.0,0.0,0.0,3.0,0.6,40.0,33,103.3,100,0
19900511,192,51,47103,2,0,2,1,0,2,2,1,1,2,1,813,1,1,3,1910,50.0,48,0.233,13.0,80,1.0,30,18.9,1700,47.2,34.0,0.0,0.0,2.7,0.6,40.0,33,100.0,100,0
19900518,153,5,34402,2,0,2,1,0,2,2,1,3,2,3,815,9,1,3,1911,52.0,54,0.5,16.0,82,0.875,22,15.8,900,49.5,34.7,0.0,0.0,2.5,1.0,50.0,40,96.7,100,0
19900414,213,61,34545,1,0,2,1,0,0,0,1,1,1,2,827,2,2,1,1910,40.0,41,0.233,14.0,79,0.75,20,0.0,1530,61.7,38.3,5.0,0.0,3.1,1.8,33.0,33,96.9,100,1
19900418,184,67,36053,1,0,2,1,0,0,0,1,1,2,3,815,9,3,1,1910,45.0,42,0.233,15.0,76,0.75,30,0.0,2220,58.8,41.2,0.0,0.0,2.5,1.0,30.0,35,100.0,100,1
19900418,176,67,36053,1,0,2,1,0,0,0,1,1,2,3,815,2,3,1,1910,45.0,42,0.233,16.0,84,0.625,28,0.0,2220,54.3,45.7,0.0,0.0,2.5,1.0,30.0,35,100.0,100,1
19900606,73,52,36859,2,0,2,1,0,2,2,1,1,2,0,802,7,1,3,1911,55.0,54,0.267,15.0,70,0.625,60,3.4,1600,56.8,39.8,0.0,0.0,1.0,0.4,45.0,40,103.3,100,1
19900606,86,52,36859,2,0,2,1,0,2,1,1,1,1,0,802,2,1,3,1911,57.5,54,0.267,15.5,80,0.625,55,0.0,1600,62.5,37.5,0.0,0.0,3.0,0.5,45.0,40,103.3,100,1
19900507,208,51,47103,1,0,2,1,0,0,0,1,1,2,1,813,9,1,3,1910,40.0,54,0.233,15.59,89,1.0,30,1.2,1700,58.1,40.7,0.0,0.0,2.5,0.6,40.0,33,103.3,100,1
19900409,117,25,34683,1,0,2,1,0,0,0,1,1,2,3,815,2,3,3,1910,40.0,38,0.3,16.0,92,0.625,25,1.1,1900,53.8,45.2,0.0,0.0,2.5,1.0,30.0,33,100.0,100,1
19900524,58,41,36648,1,0,2,1,0,2,0,1,1,2,3,815,1,1,1,1911,50.0,60,0.3,14.0,75,0.625,33,0.0,2000,65.2,34.8,0.0,0.0,0.0,0.0,35.0,40,96.9,100,0
19900425,119,11,34664,2,0,2,1,0,2,2,1,3,2,3,816,9,3,3,1910,45.0,49,0.2,16.0,72,0.375,38,15.0,1650,50.0,35.0,0.0,0.0,2.5,0.2,38.0,33,96.9,100,0
19900418,72,27,36858,2,0,2,1,0,2,2,1,1,2,1,813,5,1,3,1910,60.0,43,0.36700000000000005,15.0,94,1.0,30,9.5,1500,52.6,37.9,0.0,4.0,2.5,1.0,40.0,35,100.0,100,0
19900409,317,63,25416,2,0,2,1,0,2,2,1,1,1,2,821,7,3,3,1911,47.5,41,0.33299999999999996,18.0,74,0.5,30,17.7,1900,44.2,38.1,2.0,0.0,2.5,1.0,40.0,33,100.0,100,0
19900417,262,27,36858,2,0,2,1,0,2,2,1,1,2,0,802,2,1,3,1910,47.5,52,0.267,14.3,98,0.75,55,11.7,1600,53.2,35.1,0.0,0.0,3.0,1.0,40.0,33,100.0,100,0
19900606,235,61,34546,1,0,2,1,0,0,0,1,1,2,3,816,9,2,1,1911,37.5,54,0.3,14.5,80,1.0,20,10.9,2400,54.3,34.8,0.0,0.0,2.5,0.4,30.0,40,103.3,100,1
19900606,222,61,34546,1,0,2,1,0,0,0,1,1,2,3,816,2,2,1,1911,52.5,54,0.267,14.6,82,0.75,32,10.5,2400,52.6,36.8,0.0,0.0,2.5,0.5,30.0,40,100.0,100,1
19900517,366,67,36054,1,0,2,1,0,0,0,1,1,2,2,827,2,3,1,1910,45.0,55,0.3,15.0,75,0.75,25,0.0,2300,59.8,40.2,0.0,0.0,2.0,2.3,30.0,33,96.6,100,1
19900426,217,61,34545,1,0,2,1,0,2,0,1,1,1,2,827,9,3,1,1910,40.0,48,0.3,15.0,82,1.0,35,0.0,1720,59.3,40.7,0.0,0.0,1.5,1.5,32.0,33,100.0,100,1
19900426,210,61,34545,1,0,2,1,0,2,0,1,1,1,2,827,2,3,1,1910,40.0,48,0.33299999999999996,15.0,75,1.0,30,0.0,1720,61.7,38.3,0.0,0.0,2.5,3.0,33.0,33,103.2,100,1
19900505,253,51,47103,2,0,2,1,0,2,2,1,1,1,0,802,7,1,3,1910,50.0,52,0.2,14.0,80,0.75,60,4.4,1700,54.9,40.7,0.0,0.0,2.5,1.0,40.0,33,100.0,100,0
19900507,192,51,47103,2,0,2,1,0,2,2,1,1,2,1,813,1,1,3,1910,55.0,54,0.233,13.23,79,1.0,30,18.9,1700,47.2,34.0,0.0,0.0,2.0,0.6,40.0,33,100.0,100,1
19900507,269,51,47103,1,0,2,1,0,0,0,1,1,2,1,813,10,1,3,1910,40.0,54,0.267,14.42,87,1.0,30,4.5,1700,56.2,39.3,0.0,0.0,2.5,1.0,40.0,33,96.8,100,1
19900507,270,51,47103,2,0,2,1,0,2,2,1,1,2,0,802,2,1,3,1910,72.5,54,0.2,14.5,82,0.75,50,2.2,1900,56.7,41.6,0.0,0.0,3.0,0.9,40.0,33,100.0,100,1
19900507,201,51,47103,2,0,2,1,0,2,2,1,1,2,1,813,5,1,3,1910,47.5,54,0.2,16.08,69,1.0,30,3.3,1700,55.5,41.1,0.0,0.0,2.5,0.9,40.0,30,103.3,100,1
19900510,94,51,47103,2,0,2,1,0,2,2,1,1,2,3,816,2,1,3,1910,60.0,50,0.3,15.0,72,0.75,30,15.9,1700,44.2,39.8,1.0,0.0,3.0,0.5,40.0,33,100.0,100,0
19900517,392,62,34752,1,0,1,1,0,0,0,2,1,2,2,824,9,3,1,1910,50.0,48,0.33299999999999996,15.8,70,0.75,30,0.0,1900,58.8,41.2,5.0,0.0,2.5,1.2,30.0,33,100.0,100,1
19900517,379,62,34752,1,0,1,1,0,0,0,1,1,2,2,824,2,3,3,1910,50.0,48,0.233,15.5,68,0.8125,30,0.0,1900,57.4,42.6,10.0,0.0,1.5,1.0,30.0,33,100.0,100,1
19900507,204,40,36928,1,0,2,1,0,0,0,1,1,2,3,815,9,1,1,1910,40.0,54,0.233,15.0,80,0.75,28,0.0,1800,58.8,41.2,0.0,0.0,2.5,1.2,30.0,33,100.0,100,1
19900507,191,40,36928,1,0,2,1,0,0,0,1,1,2,3,815,2,1,1,1910,40.0,54,0.3,15.0,88,0.75,28,0.0,1800,58.8,41.2,0.0,0.0,2.5,1.2,30.0,33,100.0,100,1
19900606,298,63,25424,2,0,2,1,0,2,2,1,1,1,2,821,7,3,3,1911,40.0,54,0.33299999999999996,14.1,80,0.75,20,24.8,1850,41.3,33.9,3.0,0.0,2.5,0.8,40.0,40,103.3,100,1
19900603,93,53,36859,2,0,2,1,0,2,1,1,1,1,0,802,2,1,3,1910,50.0,65,0.2,17.0,100,0.625,52,5.6,1650,55.5,38.9,0.0,0.0,3.0,0.6,45.0,40,100.0,100,0
19900617,395,34,34093,2,0,2,1,0,2,1,1,1,1,2,821,7,3,3,1910,52.5,62,0.433,14.5,95,0.75,20,0.0,1950,58.8,41.2,0.0,0.0,2.0,1.0,38.0,35,100.0,100,0
19900602,87,52,36859,2,0,2,1,0,2,2,1,1,1,0,802,2,1,3,1910,50.0,56,0.2,14.3,105,0.75,70,0.0,1600,55.5,44.5,0.0,0.0,3.0,1.0,45.0,35,100.0,100,0
19900608,55,41,36649,1,0,2,1,0,0,0,1,1,0,1,813,6,1,4,1911,47.5,62,0.33299999999999996,15.0,84,0.75,30,5.6,2000,56.2,38.2,0.0,0.0,2.5,1.0,35.0,40,96.7,100,1
19900608,101,41,36649,1,0,2,1,0,0,0,1,1,0,1,813,1,1,4,1911,47.5,62,0.2,15.0,80,0.75,30,5.6,2000,56.2,38.2,0.0,0.0,2.5,1.0,35.0,40,96.9,100,1
19900615,223,61,34547,1,0,2,1,0,0,0,1,1,2,3,815,9,2,1,1910,30.0,58,0.433,15.9,81,0.625,30,0.0,2150,62.5,37.5,10.0,0.0,2.5,1.0,30.0,35,90.0,100,1
19900615,229,61,34547,1,0,2,1,0,0,0,1,1,2,3,815,2,2,1,1910,30.0,58,0.33299999999999996,16.3,78,0.625,30,0.0,2150,58.8,41.2,10.0,0.0,2.5,1.0,30.0,35,90.0,100,1
19900612,371,67,36894,1,0,2,1,0,0,0,1,1,2,2,824,2,3,1,1910,30.0,51,0.3,16.0,70,0.8125,20,0.0,2250,58.8,41.2,0.0,0.0,1.5,0.6,30.0,35,103.3,100,1
19900612,369,67,36894,1,0,2,1,0,0,0,2,1,2,2,824,9,3,1,1910,30.0,51,0.33299999999999996,16.0,76,0.875,25,19.1,2250,42.7,38.2,3.0,0.0,1.2,0.5,30.0,35,103.3,100,1
19900615,418,67,36057,1,0,2,1,0,0,0,1,1,2,2,827,9,3,1,1910,30.0,58,0.467,15.0,98,0.75,30,0.0,2300,58.8,41.2,6.0,0.0,2.25,1.0,30.0,35,100.0,100,1
19900615,423,67,36057,1,0,2,1,0,0,0,1,1,2,2,827,2,3,1,1910,30.0,58,0.467,15.0,96,0.75,30,0.0,2300,58.8,41.2,6.0,0.0,3.0,0.75,30.0,35,100.0,100,1
19900606,110,17,36024,2,0,2,1,0,0,2,1,1,1,3,815,9,3,1,1910,52.5,54,0.433,16.3,90,0.75,38,0.0,1800,62.5,38.5,0.0,0.0,2.9,1.1,33.0,35,100.0,100,1
19900606,106,17,36024,2,0,2,1,0,0,2,1,1,1,3,815,2,3,1,1910,55.5,54,0.233,15.0,82,0.75,38,0.0,1800,58.8,41.2,0.0,0.0,2.0,1.0,33.0,35,100.0,100,1
19900606,393,63,25424,2,0,2,1,0,2,2,1,3,2,2,821,2,3,3,1910,40.0,54,0.2,14.6,85,0.75,20,21.7,1850,43.5,34.8,0.0,0.0,2.5,0.8,40.0,40,100.0,100,1
19900614,19,23,34397,2,0,2,1,0,2,2,1,1,2,1,813,1,1,2,1910,50.0,53,0.3,16.0,65,0.75,30,15.8,1300,49.5,34.7,0.0,0.0,2.5,1.0,28.0,35,93.5,100,1
19900614,100,23,34397,2,0,2,1,0,2,2,1,1,2,1,813,6,1,2,1910,50.0,53,0.3,16.5,90,0.75,30,11.3,1300,51.5,37.1,0.0,0.0,2.5,0.7,28.0,35,100.0,100,1
19900621,144,29,36846,2,0,2,1,0,2,1,1,1,2,0,802,7,1,3,1910,50.0,59,0.36700000000000005,13.0,92,0.625,49,0.0,1300,58.8,41.2,0.0,0.0,3.0,1.1,40.0,35,100.0,100,0
19900622,50,14,38025,2,0,2,1,0,2,2,1,1,1,3,815,9,1,3,1910,57.5,55,0.33299999999999996,14.0,86,0.75,30,13.0,1700,50.0,37.0,0.0,0.0,2.9,0.9,34.0,35,100.0,100,1
19900622,246,14,38025,2,0,2,1,0,2,2,1,1,1,3,815,2,1,3,1910,55.0,55,0.3,13.0,86,0.75,28,13.7,1700,49.0,37.3,0.0,0.0,3.0,0.8,34.0,35,100.0,100,1
19900611,63,12,36874,0,0,2,1,0,0,0,1,1,2,3,815,9,1,1,1910,40.0,60,0.2,15.5,80,0.75,30,13.0,1750,54.3,32.6,0.0,0.0,2.75,1.0,33.0,40,100.0,100,1
19900611,54,12,37874,0,0,2,1,0,0,0,1,1,2,3,815,2,1,1,1910,40.0,60,0.2,15.0,78,0.625,34,15.0,1750,50.0,35.0,0.0,0.0,2.5,1.0,33.0,40,100.0,100,1
19900622,99,16,36911,2,0,2,1,0,2,1,1,1,1,1,813,6,1,3,1910,50.0,59,0.4,15.0,90,0.75,30,0.0,1500,58.8,41.2,0.0,0.0,2.5,1.0,40.0,35,100.0,100,0
19900626,422,63,25427,2,0,2,1,0,2,2,1,1,1,2,821,7,3,3,1910,55.0,49,0.233,15.6,80,1.0,30,35.8,1950,41.7,22.5,1.0,0.0,2.7,1.0,40.0,37,100.0,100,0
19900625,190,54,34092,2,0,2,1,0,2,2,1,1,2,3,815,2,1,0,1910,65.0,49,0.33299999999999996,13.5,82,0.625,30,0.0,1350,68.2,31.8,1.0,0.0,2.5,1.0,38.0,37,103.2,100,0
19900622,157,30,36846,1,0,2,1,0,2,2,1,1,1,0,802,2,1,3,1910,65.0,65,0.4,14.0,100,0.75,40,7.0,1200,58.1,34.9,0.0,0.0,2.5,1.0,40.0,35,100.0,100,0
19900625,289,67,36058,1,0,2,1,0,0,0,1,1,0,2,824,6,3,1,1911,50.0,58,0.3,16.0,80,0.875,24,0.0,2200,58.8,41.2,0.0,0.0,1.2,0.6,30.0,42,93.75,100,1
19900625,205,54,34092,2,0,2,1,0,2,2,1,1,1,3,815,9,1,0,1910,65.0,58,0.4,15.0,74,0.625,32,0.0,1800,57.5,42.5,1.0,0.0,2.5,1.0,38.0,37,103.2,100,0
19900625,336,67,36058,1,0,2,1,0,0,0,1,1,0,2,824,2,3,1,1911,50.0,58,0.33299999999999996,15.5,75,0.8125,24,0.0,2200,58.8,41.2,0.0,0.0,1.5,0.6,30.0,42,100.0,100,1
19900702,181,70,34367,2,0,2,1,0,2,2,1,1,2,3,816,9,3,3,1911,62.5,47,0.16699999999999998,17.0,75,0.75,30,14.3,1700,47.6,38.1,0.0,0.0,3.0,0.5,40.0,40,96.9,100,0
19900706,297,4,34583,1,0,2,1,0,0,0,1,1,2,2,827,9,3,1,1911,40.0,47,0.2,15.0,75,0.75,25,0.0,2100,61.1,38.9,0.0,0.0,2.4,1.1,33.0,40,96.9,100,1
19900705,303,63,25428,2,0,2,1,0,2,2,1,1,2,2,821,2,3,3,1911,45.0,47,0.2,14.0,80,0.75,20,18.0,1800,45.0,37.0,0.0,0.0,2.5,0.8,40.0,40,96.9,100,1
19900330,384,31,23040,2,0,2,1,0,2,2,1,1,1,2,821,7,3,0,1910,50.0,59,0.33299999999999996,14.5,71,0.625,20,11.1,1650,55.5,33.3,0.0,0.0,2.5,1.0,40.0,40,100.0,100,0
19900707,254,49,36784,2,0,2,1,0,2,2,1,1,2,3,815,2,1,3,1910,60.0,58,0.33299999999999996,15.1,93,1.0,25,0.0,1650,56.1,33.9,0.0,0.0,2.5,1.0,40.0,35,100.0,100,0
19900708,76,49,36784,2,0,2,1,0,2,2,1,1,1,3,815,2,1,3,1910,50.0,58,0.36700000000000005,13.5,100,0.75,35,0.0,1750,55.5,44.5,3.0,0.0,2.7,0.5,40.0,35,100.0,100,0
19900710,18,51,47104,2,0,2,1,0,2,2,1,1,2,0,802,2,1,3,1910,40.0,56,0.3,16.5,80,0.75,45,20.3,1400,44.2,35.5,0.0,0.0,3.0,0.6,40.0,35,100.0,100,1
19900710,195,51,47104,2,0,2,1,0,2,2,1,1,2,0,802,7,1,3,1911,30.0,56,0.433,16.0,70,0.75,60,21.8,1400,45.4,32.8,0.0,0.0,3.0,0.9,40.0,40,96.8,100,1
19900710,252,49,36784,2,0,2,1,0,2,2,1,3,2,3,815,9,1,3,1910,37.5,56,0.3,14.0,82,0.625,28,0.0,1700,58.8,41.2,2.0,0.0,2.5,0.5,40.0,35,100.0,100,1
19900710,200,51,47104,2,0,2,1,0,2,2,1,3,2,1,813,5,1,3,1911,50.0,56,0.33299999999999996,14.6,74,0.75,30,7.5,1400,53.8,38.7,0.0,4.0,2.4,0.8,40.0,40,96.8,100,1
19900710,80,51,47104,2,0,2,1,0,2,2,1,3,2,1,813,1,1,3,1911,57.5,56,0.5,13.8,73,0.75,30,4.4,1400,52.7,42.9,0.0,0.0,2.0,0.5,40.0,40,96.8,100,1
19900706,337,4,34583,1,0,2,1,0,0,0,1,1,2,2,827,2,3,1,1911,45.0,55,0.2,14.0,73,0.75,30,0.0,2100,61.1,38.9,0.0,0.0,2.5,0.8,33.0,40,96.8,100,0
19900710,350,38,34714,1,0,2,1,0,0,0,1,1,2,2,824,9,3,1,1911,30.0,56,0.2,14.7,87,0.875,20,0.0,2150,58.8,41.2,12.0,0.0,1.5,0.6,30.0,40,96.8,100,1
19900710,324,38,34714,1,0,2,1,0,0,0,1,1,2,2,824,2,3,1,1910,40.0,56,0.33299999999999996,15.3,86,0.8125,32,0.0,2150,58.8,41.2,12.0,0.0,2.2,0.8,30.0,35,100.0,100,1
19900710,17,51,47104,2,0,2,1,0,0,0,1,1,2,1,813,10,1,3,1911,55.0,56,0.4,15.0,87,0.75,30,0.0,1250,62.5,37.5,0.0,0.0,2.5,1.0,40.0,40,96.8,100,1
19900710,256,51,47104,2,0,2,1,0,0,0,1,1,2,1,813,9,1,3,1911,55.0,56,0.4,15.0,93,0.75,30,0.0,1250,62.5,37.5,0.0,0.0,2.5,1.0,40.0,40,96.8,100,1
19900726,271,56,36644,2,0,2,1,0,2,2,1,3,1,3,816,2,1,3,1911,60.0,56,0.3,16.0,87,0.625,26,10.5,1450,50.5,39.0,3.0,0.0,3.0,1.3,40.0,40,93.75,100,0
19900727,63,56,36644,2,0,2,1,0,2,2,1,1,1,0,802,2,1,3,1910,60.0,53,0.3,18.0,103,0.625,50,22.1,1600,41.0,36.9,0.0,0.0,3.0,0.7,40.0,35,105.2,100,1
19900726,65,56,36644,2,0,2,1,0,2,2,1,1,1,0,802,7,1,3,1910,57.5,53,0.36700000000000005,14.5,70,0.625,58,20.2,1600,42.0,37.8,3.0,0.0,3.0,1.0,40.0,35,105.2,100,1
19900723,66,64,35683,2,0,2,1,0,2,2,1,1,1,0,802,7,1,3,1911,62.5,61,0.3,14.0,85,0.75,50,3.5,1660,56.8,39.7,2.0,0.0,3.0,1.0,32.0,40,93.75,100,1
19900723,68,64,35683,2,0,2,1,0,2,2,1,1,1,0,802,2,1,3,1910,65.0,61,0.36700000000000005,14.8,80,0.375,45,19.5,1660,42.4,38.1,0.0,0.0,3.0,1.0,32.0,35,105.2,100,1
19900723,323,26,34685,1,0,2,1,0,0,0,1,1,2,2,828,2,3,1,1911,50.0,61,0.267,14.2,88,1.0,29,0.0,2350,52.6,47.4,0.0,0.0,2.5,1.1,30.0,40,93.75,100,1
19900723,384,26,34685,1,0,2,1,0,0,0,1,1,2,2,828,10,3,1,1910,50.0,61,0.33299999999999996,13.0,72,1.0,41,0.0,2350,58.8,41.2,0.0,0.0,2.0,1.0,30.0,35,105.2,100,1
19900723,353,57,34894,1,0,2,1,0,0,0,1,1,1,2,821,2,3,1,1910,45.0,61,0.4,14.0,78,0.75,20,25.6,2100,42.7,31.7,0.0,0.0,2.5,0.8,30.0,35,105.2,100,1
19900723,328,57,34894,1,0,2,1,0,0,0,1,1,2,2,821,7,3,1,1910,50.0,61,0.33299999999999996,13.1,70,0.75,25,21.7,2100,41.7,36.6,5.0,0.0,2.5,0.8,30.0,35,105.2,100,1
19900620,218,61,34547,1,0,2,1,0,0,0,1,1,0,2,827,2,2,1,1910,32.5,54,0.267,15.5,78,1.0,25,0.0,1900,58.8,41.2,10.0,0.0,2.5,0.5,30.0,35,93.3,100,1
19900620,211,61,34547,1,0,2,1,0,0,0,1,1,0,2,827,9,2,1,1910,32.5,54,0.5,15.5,78,1.0,25,0.0,1900,58.8,41.2,10.0,0.0,1.4,0.8,30.0,35,103.2,100,1
19900719,385,67,36066,1,0,2,1,0,0,0,1,1,2,2,827,9,3,1,1911,40.0,54,0.2,15.0,72,0.75,35,0.0,2500,58.5,41.5,0.0,0.0,2.1,1.1,30.0,40,100.0,100,1
19900719,411,67,36066,1,0,2,1,0,0,0,1,1,2,2,827,2,3,1,1911,40.0,54,0.36700000000000005,15.0,78,0.75,20,0.0,2500,61.1,38.9,0.0,0.0,2.5,0.7,30.0,40,100.0,100,1
19900718,374,67,36066,1,0,2,1,0,0,0,1,1,2,2,824,9,3,1,1910,45.0,54,0.2,15.0,80,0.8125,20,0.0,2000,58.8,41.2,0.0,0.0,1.5,0.6,33.0,35,111.1,100,1
19900806,175,66,34493,0,0,2,1,0,0,2,1,1,1,3,816,9,3,0,1910,40.0,51,0.16699999999999998,16.0,75,0.5,30,0.0,1800,58.8,41.2,0.0,0.0,2.1,1.0,30.0,35,100.0,100,0
19900730,304,57,34896,1,0,2,1,0,0,0,1,1,2,2,828,2,3,3,1910,40.0,54,0.4,15.2,88,0.875,30,5.9,2300,49.5,44.6,8.0,0.0,2.5,1.0,33.0,35,111.1,100,1
19900730,335,57,34896,1,0,2,1,0,0,0,1,1,2,2,828,9,3,3,1910,40.0,54,0.33299999999999996,14.7,90,0.875,30,0.0,2300,52.6,47.4,4.0,0.0,3.0,1.1,33.0,35,111.1,100,1
19900730,48,23,23050,2,0,2,1,0,2,2,1,1,2,3,816,2,1,3,1910,57.5,54,0.36700000000000005,16.2,79,0.5,23,19.0,1500,47.6,33.4,5.0,0.0,3.0,1.0,32.0,35,93.3,100,1
19900727,98,56,36644,2,0,2,1,0,2,2,1,1,1,0,802,2,1,3,1910,60.0,53,0.33299999999999996,16.5,88,0.75,55,22.1,1550,41.0,36.9,0.0,0.0,3.0,0.8,40.0,35,105.1,100,1
19900730,78,23,23050,2,0,2,1,0,2,2,1,1,2,3,816,9,1,3,1910,55.0,54,0.3,15.8,79,0.5,30,12.4,1500,51.5,36.1,0.0,0.0,3.0,0.5,32.0,35,93.3,100,1
19900727,76,56,36644,2,0,2,1,0,2,2,1,1,1,0,802,7,1,3,1910,60.0,53,0.3,14.7,70,0.75,50,20.2,1550,42.0,37.8,3.0,0.0,3.0,1.0,40.0,35,111.1,100,1
19900801,170,67,36882,1,0,2,1,0,0,0,1,1,2,3,816,2,3,1,1910,45.0,53,0.3,15.2,78,1.0,30,13.3,2150,51.0,35.7,2.0,0.0,2.5,1.1,30.0,35,111.1,100,1
19900811,174,67,36882,1,0,2,1,0,0,0,1,1,2,3,816,9,3,1,1910,35.0,53,0.267,14.7,80,1.0,30,5.5,2150,55.6,38.9,0.0,0.0,2.5,0.4,30.0,35,111.1,100,1
19900804,182,66,34483,1,0,2,1,0,0,2,1,1,2,3,816,2,3,0,1910,35.0,55,0.5,15.0,70,0.5,32,0.0,1950,58.8,41.2,0.0,0.0,2.5,1.3,30.0,35,100.0,100,0
19900805,182,66,34493,1,0,2,1,0,0,0,1,1,1,3,816,2,3,0,1910,35.0,55,0.233,15.0,70,0.5,35,0.0,2000,58.8,41.2,0.0,0.0,2.5,1.5,30.0,35,100.0,100,0
19900811,175,66,34493,0,0,2,1,0,0,2,1,1,1,3,816,9,3,3,1910,40.0,54,0.33299999999999996,17.0,94,0.25,26,0.0,1900,56.8,43.2,0.0,0.0,2.5,0.9,30.0,35,100.0,100,1
19900811,179,66,34493,1,0,2,1,0,0,2,1,1,1,3,816,2,3,3,1911,40.0,54,0.2,14.0,80,0.3125,34,3.4,1900,56.8,39.8,0.0,0.0,2.5,1.3,30.0,40,106.7,100,1
19900807,346,4,34585,1,0,2,0,0,0,0,1,1,2,2,828,2,3,1,1910,30.0,50,0.2,15.6,84,1.0,30,0.0,2400,58.8,41.2,4.0,0.0,2.5,0.9,33.0,35,96.8,100,1
19900807,388,4,34585,1,0,2,0,0,0,0,1,1,2,2,828,9,3,1,1910,30.0,50,0.33299999999999996,15.8,92,1.0,30,0.0,2400,58.5,41.2,2.0,0.0,3.0,1.4,33.0,35,96.8,100,1
19900810,280,60,36776,2,0,2,1,0,2,2,1,3,2,0,802,7,1,3,1910,45.0,50,0.2,14.5,70,0.75,42,5.3,1700,52.6,42.1,0.0,0.0,3.0,0.8,40.0,45,100.0,100,1
19900810,279,60,36776,2,0,2,1,0,2,2,1,3,2,0,802,2,2,3,1910,40.0,50,0.267,13.5,75,0.75,45,0.0,1700,58.8,41.2,0.0,0.0,3.0,0.6,40.0,35,100.0,100,1
19900809,351,63,25433,2,0,2,1,0,2,2,1,1,2,2,821,7,3,3,1910,50.0,50,0.2,16.2,75,0.75,25,3.3,1850,54.9,41.8,2.0,0.0,2.7,0.9,40.0,35,100.0,100,1
19900813,92,24,38016,2,0,2,1,0,2,2,1,1,1,0,802,7,1,2,1910,45.0,54,0.33299999999999996,14.8,70,0.75,50,13.0,1420,54.3,32.6,0.0,0.0,3.0,0.9,28.0,35,106.9,100,1
19900813,188,24,38016,2,0,2,1,0,2,2,1,1,1,0,802,2,1,2,1910,45.0,54,0.233,14.3,67,0.75,45,12.3,1420,51.5,36.1,0.0,0.0,3.0,0.6,28.0,35,106.9,100,1
19900812,222,61,34549,1,0,2,1,0,0,0,1,1,1,3,815,2,2,1,1911,45.0,54,0.267,14.0,90,0.75,30,0.0,2000,58.8,41.2,0.0,0.0,3.0,1.0,33.0,40,103.3,100,1
19900812,375,50,34175,1,0,2,1,0,0,0,1,1,1,2,821,7,3,0,1910,30.0,54,0.233,15.8,68,0.75,25,6.4,2000,53.2,40.4,4.0,0.0,2.3,0.8,35.0,35,106.9,100,1
19900813,348,66,34493,1,0,2,1,0,0,0,1,1,2,2,824,9,3,0,1910,30.0,54,0.5,13.6,70,0.8125,30,0.0,2000,58.8,41.2,0.0,0.0,2.3,0.9,30.0,35,100.0,100,1
19900812,338,50,34175,1,0,2,1,0,0,0,1,1,2,2,821,2,3,0,1910,30.0,54,0.33299999999999996,16.8,71,0.75,25,18.0,2000,45.0,36.9,0.0,0.0,2.5,0.9,35.0,35,106.9,100,1
19900813,310,66,34493,1,0,2,1,0,0,0,1,1,2,2,824,2,3,0,1910,30.0,54,0.16699999999999998,14.6,70,0.8125,30,0.0,2000,58.8,41.2,0.0,0.0,1.5,0.6,30.0,35,106.9,100,1
19900814,226,61,34549,1,0,2,1,0,0,0,1,1,2,3,816,9,2,1,1910,45.0,54,0.16699999999999998,18.0,90,0.5,26,8.3,1875,52.1,39.6,0.0,0.0,3.0,1.0,33.0,35,106.9,100,1
19900812,227,61,34549,1,0,2,1,0,0,0,1,1,2,3,815,9,2,1,1910,45.0,54,0.36700000000000005,15.0,100,0.75,33,2.3,2000,56.8,40.9,0.0,0.0,2.75,0.9,33.0,35,106.9,100,1
19900819,59,24,38016,2,0,2,1,0,2,2,1,1,2,1,813,1,1,0,1910,45.0,56,0.3,15.5,78,0.75,30,11.1,1350,55.5,33.3,0.0,0.0,2.2,0.9,28.0,35,100.0,100,1
19900819,77,24,38016,2,0,2,1,0,2,2,1,1,2,1,813,5,1,0,1911,45.0,56,0.233,16.0,64,0.75,30,11.1,1350,55.5,33.3,0.0,0.0,2.5,0.5,28.0,40,103.3,100,1
19900818,421,47,34154,2,0,2,1,0,2,2,1,1,1,2,828,2,3,0,1910,45.0,56,0.33299999999999996,14.9,85,1.0,30,17.3,1600,48.1,34.6,0.0,0.0,2.8,1.0,40.0,35,100.0,100,1
19900818,296,47,34154,2,0,2,1,0,2,2,1,1,1,2,828,10,3,1,1910,30.0,56,0.36700000000000005,14.7,83,1.0,30,10.8,1600,53.8,35.5,0.0,6.0,2.6,1.2,40.0,35,100.0,100,1
19900820,360,4,34585,1,0,2,1,0,0,0,1,1,2,2,828,2,3,1,1910,57.5,57,0.36700000000000005,15.3,84,1.0,30,19.0,2400,47.6,33.3,0.0,0.0,3.0,1.0,33.0,40,93.75,100,1
19900820,294,4,34585,1,0,2,1,0,0,0,1,1,2,2,828,10,3,1,1910,57.5,57,0.2,14.2,78,1.0,30,10.5,2400,52.6,36.8,0.0,0.0,2.5,1.0,33.0,40,93.75,100,1
19900830,249,28,38061,2,0,2,1,0,2,2,1,3,0,3,815,1,2,3,1911,47.5,49,0.36700000000000005,15.0,84,0.75,28,2.2,1600,54.3,43.5,0.0,0.0,3.0,0.9,34.0,30,108.1,100,0
19900831,314,63,25437,2,0,2,1,0,2,2,1,1,1,2,821,7,3,3,1911,57.5,51,0.33299999999999996,15.2,70,0.625,25,11.1,1850,50.5,38.4,3.0,0.0,2.5,0.8,34.0,30,100.0,100,1
19900831,298,63,25437,2,0,2,1,0,2,2,1,1,1,2,821,2,3,3,1911,57.5,51,0.267,15.6,81,0.75,25,9.8,1850,49.0,41.2,0.0,0.0,2.7,0.6,34.0,30,100.0,100,1
19900825,381,4,38013,1,0,2,1,0,2,0,1,1,2,2,824,2,3,0,1910,40.0,55,0.5329999999999999,15.4,80,0.8125,30,10.2,2400,51.0,38.8,0.0,0.0,1.7,0.7,30.0,45,93.75,100,1
19900825,374,4,38013,1,0,2,1,0,2,0,1,1,2,2,824,9,3,0,1910,45.0,55,0.3,16.1,82,0.75,30,0.0,2400,58.8,41.2,0.0,0.0,2.0,0.8,30.0,45,93.75,100,1
19900824,56,21,34399,2,0,2,1,0,2,2,1,1,2,1,813,1,1,3,1911,40.0,54,0.3,15.0,70,0.75,30,10.0,2000,50.0,40.0,0.0,0.0,2.5,0.8,60.0,30,100.0,100,1
19900824,190,21,34399,2,0,2,1,0,2,2,1,1,2,1,813,5,1,3,1910,42.5,54,0.3,15.0,70,0.75,30,13.4,1500,48.1,38.5,2.0,0.0,2.5,1.0,60.0,45,93.75,100,1
19900821,159,5,34066,2,0,2,1,0,2,2,1,1,1,0,802,7,1,1,1910,52.5,55,0.33299999999999996,14.0,70,0.625,55,7.9,1600,57.5,34.44,4.0,0.0,3.0,0.8,40.0,45,93.75,100,1
19900821,156,5,34066,2,0,2,1,0,2,2,1,1,2,0,802,2,1,1,1910,52.5,55,0.433,14.0,80,0.75,55,9.9,1600,49.5,40.6,0.0,0.0,3.0,0.5,40.0,45,93.75,100,1
19900921,238,61,34551,1,0,2,1,0,0,0,1,1,2,3,815,1,2,1,1910,35.0,72,0.36700000000000005,15.2,72,1.0,36,0.0,2200,65.2,34.8,0.0,0.0,2.5,1.0,30.0,40,93.6,90,0
19900921,238,61,34551,1,0,2,1,0,0,0,1,1,1,3,815,1,2,1,1910,35.0,56,0.267,15.0,70,1.0,33,0.0,2350,65.2,34.8,0.0,0.0,2.5,1.0,30.0,40,93.75,90,0
19900920,133,20,34749,1,0,2,1,0,0,0,1,1,1,3,816,2,3,1,1910,40.0,46,0.2,16.0,72,0.5,32,0.0,1673,58.8,41.2,0.0,0.0,2.5,1.5,30.0,40,100.0,100,0
19900913,239,61,34551,1,0,2,1,0,0,0,1,1,1,3,815,1,2,1,1910,40.0,60,0.2,15.5,73,0.75,28,0.0,1850,65.2,34.8,0.0,0.0,2.8,1.0,30.0,40,100.0,90,0
19900909,47,51,47103,2,0,2,1,0,2,2,1,1,1,0,802,7,1,3,1911,60.0,50,0.233,14.5,70,0.75,45,15.6,1650,45.8,38.5,2.0,0.0,2.5,1.0,40.0,40,100.0,100,1
19900909,52,51,47105,2,0,2,1,0,2,2,1,1,1,3,816,2,1,3,1910,60.0,50,0.267,14.9,88,0.375,32,10.3,1700,51.5,38.1,5.0,0.0,3.0,1.3,40.0,40,103.3,100,1
19900909,74,51,47103,2,0,2,1,0,2,2,1,1,1,0,802,2,1,3,1910,60.0,50,0.3,14.5,60,0.75,40,19.0,1650,47.6,33.3,0.0,0.0,2.5,1.0,40.0,40,103.3,100,1
19900909,95,51,47105,2,0,2,2,0,2,2,1,1,1,3,816,9,1,3,1910,65.0,50,0.267,15.0,86,0.25,28,10.5,1700,52.6,36.8,2.0,0.0,2.5,0.6,40.0,40,103.3,100,1
19900910,187,51,47105,2,0,2,1,0,2,2,1,1,2,1,813,5,1,3,1911,55.0,47,0.36700000000000005,13.0,70,0.75,30,14.1,1600,50.5,35.3,0.0,0.0,2.5,0.5,40.0,35,106.25,100,1
19900910,194,51,47105,2,0,2,1,0,2,2,1,1,2,1,813,1,1,3,1911,65.0,47,0.36700000000000005,12.0,68,0.75,30,0.0,1600,58.8,41.2,0.0,0.0,2.8,0.8,40.0,35,106.25,100,1
19900910,258,51,47105,2,0,2,1,0,0,0,1,1,2,1,813,10,1,3,1911,55.0,47,0.233,15.5,74,0.75,30,0.0,1600,62.5,37.5,0.0,0.0,2.5,1.0,40.0,35,106.25,100,1
19900910,264,51,47105,2,0,2,1,0,0,0,1,1,2,1,813,9,1,3,1910,55.0,47,0.2,14.0,71,0.75,30,0.0,1600,62.5,37.5,0.0,0.0,2.5,0.7,40.0,40,90.3,100,1
19900915,95,51,47105,2,0,2,1,0,2,2,1,1,2,3,816,9,1,3,1910,65.0,60,0.267,14.5,80,0.25,38,15.8,1900,49.5,34.6,0.0,0.0,2.9,0.7,40.0,40,103.3,100,1
19900915,52,51,47105,2,0,2,1,0,2,2,1,1,2,3,816,2,1,3,1910,60.0,60,0.267,14.0,76,0.375,30,10.3,1900,51.5,38.1,5.0,0.0,2.6,1.1,40.0,40,103.3,100,1
19900924,238,61,34551,1,0,2,1,0,0,0,1,1,1,3,815,1,2,1,1910,40.0,49,0.267,14.0,82,0.625,30,0.0,2150,65.2,34.8,1.0,0.0,2.5,0.9,30.0,40,93.75,90,0
19901002,123,46,36197,1,0,2,1,0,2,0,1,1,1,3,815,1,3,3,1910,55.0,50,0.133,14.0,80,0.625,32,8.0,2000,60.0,32.0,0.0,0.0,2.5,0.9,35.0,40,93.55,90,0
19901002,123,46,36197,1,0,2,1,0,2,0,1,1,2,3,815,1,3,3,1910,55.0,48,0.36700000000000005,14.5,76,0.5,30,8.0,2000,60.0,32.0,0.0,0.0,2.5,1.0,35.0,40,93.55,90,0
19901003,385,63,25441,2,0,2,1,0,2,2,1,1,1,2,821,7,3,3,1910,55.0,50,0.267,17.0,89,1.0,22,10.4,1650,52.1,37.5,0.75,0.0,2.5,1.1,34.0,40,93.55,90,0
19901002,106,46,36197,1,0,2,1,0,2,2,1,1,2,3,816,2,3,2,1911,55.0,50,0.2,17.0,78,0.25,32,9.7,1900,52.2,38.1,0.0,0.0,3.0,0.9,35.0,40,96.97,90,0
19901001,334,62,34754,1,0,1,1,0,0,0,1,1,2,2,824,2,3,1,1910,42.5,48,0.2,16.0,70,0.8125,35,0.0,2050,66.7,33.3,2.0,0.0,1.7,1.0,30.0,40,93.55,90,1
19901001,329,62,34754,1,0,1,1,0,0,0,1,1,1,2,824,9,3,1,1910,42.5,48,0.2,15.0,76,0.875,30,3.6,2050,60.2,36.2,0.0,0.0,2.5,1.0,30.0,40,93.55,90,1
19900926,347,66,36578,1,0,2,1,0,0,0,1,1,1,2,827,9,3,2,1911,35.0,48,0.233,14.5,76,0.75,20,0.0,2225,62.5,37.5,4.0,0.0,2.7,1.2,33.0,40,106.25,90,1
19900926,318,66,36578,1,0,2,1,0,0,0,1,1,1,2,827,2,3,2,1911,35.0,48,0.3,14.5,74,0.75,20,0.0,2225,62.5,37.5,4.0,0.0,2.0,1.2,33.0,40,106.25,90,1
19900926,240,61,34551,1,0,2,1,0,0,0,1,1,2,3,815,9,2,1,1910,30.0,48,0.233,15.0,88,0.75,35,7.7,2000,57.7,34.6,0.0,0.0,2.8,0.8,30.0,40,100.0,90,1
19900926,409,63,25440,2,0,2,0,0,2,2,1,1,1,2,821,2,3,3,1911,47.5,49,0.433,14.5,88,0.625,25,34.5,2000,43.5,22.0,0.0,0.0,2.5,0.7,40.0,40,96.97,90,1
19900924,74,51,47105,2,0,2,1,0,2,2,1,1,2,1,813,1,1,3,1911,60.0,48,0.36700000000000005,14.0,76,1.0,30,5.6,1600,55.6,38.8,0.0,0.0,2.5,0.7,40.0,40,96.97,90,1
19900924,47,51,47105,2,0,2,1,0,2,2,1,1,2,1,813,5,1,3,1911,60.0,48,0.4,16.0,72,1.0,30,15.2,1600,44.6,40.2,0.0,4.0,2.1,0.7,40.0,40,96.97,90,1
19901006,136,46,36197,1,0,2,1,0,2,2,1,1,1,3,816,9,3,3,1911,47.5,52,0.3,15.2,76,0.75,30,17.5,1700,48.7,33.8,0.0,0.0,2.5,0.8,35.0,40,114.3,100,0
19901007,207,13,38059,2,0,2,1,0,2,2,1,1,2,0,802,7,1,3,1911,42.5,52,0.33299999999999996,16.8,80,0.625,40,0.0,1700,54.3,45.7,3.0,0.0,3.0,1.0,34.0,40,107.4,100,1
19901007,134,46,36197,1,0,2,1,0,2,2,1,1,2,3,815,9,3,2,1911,47.5,53,0.3,15.0,72,0.75,25,22.0,1500,45.9,32.1,0.0,0.0,2.5,0.8,35.0,40,114.3,100,0
19901004,139,46,36197,1,0,2,1,0,2,2,1,1,2,3,815,2,3,2,1911,47.5,58,0.33299999999999996,14.0,85,0.75,28,16.5,1800,48.5,35.0,0.0,0.0,2.5,0.5,35.0,40,114.3,100,0
19901001,106,46,36197,1,0,2,1,0,2,2,1,1,2,3,816,2,3,2,1910,55.0,48,0.233,18.0,76,0.25,24,10.0,1600,60.0,30.0,0.0,0.0,3.0,0.9,35.0,40,93.55,90,0
19901005,413,10,38218,1,0,2,1,0,0,0,1,1,2,2,821,7,3,1,1911,30.0,52,0.33299999999999996,16.5,80,0.625,40,0.0,1800,58.1,41.9,1.0,0.0,2.5,0.4,35.0,40,107.4,100,0
19901007,206,13,38059,2,0,2,1,0,2,2,1,1,1,0,802,2,1,3,1910,42.5,52,0.233,18.0,70,0.625,45,0.0,1700,58.8,41.2,0.0,0.0,3.0,0.7,34.0,40,103.125,100,1
19901010,357,63,25443,2,0,2,1,0,2,2,1,1,2,2,821,7,3,3,1911,47.5,54,0.3,14.0,65,0.625,25,16.1,1500,44.6,39.3,4.0,0.0,2.5,1.0,34.0,40,114.29,100,0
19901017,246,59,38240,2,0,2,1,0,2,2,1,3,2,0,802,7,1,2,1911,60.0,46,0.33299999999999996,15.0,80,0.625,50,12.4,1391,51.5,36.1,2.0,0.0,2.7,1.0,38.5,40,114.29,100,1
19901017,248,59,38240,2,0,2,1,0,2,2,1,3,2,0,802,2,1,2,1911,60.0,46,0.33299999999999996,15.0,70,0.625,50,19.0,1391,47.6,33.3,0.0,0.0,2.7,0.7,38.5,40,114.29,100,1
19901010,233,61,34522,1,0,2,1,0,0,2,1,1,2,3,816,9,2,3,1911,35.0,50,0.3,14.0,74,0.25,28,0.0,2500,58.8,41.2,0.0,0.0,2.5,0.7,30.0,40,114.29,100,1
19901010,222,61,34522,1,0,2,1,0,0,2,1,1,2,3,816,2,2,3,1911,40.0,50,0.3,13.0,74,0.25,25,0.0,2500,58.8,41.2,2.0,0.0,2.5,0.5,30.0,40,114.29,100,1
19901008,370,4,34587,1,0,2,1,0,0,0,1,1,1,2,827,2,3,1,1911,30.0,53,0.33299999999999996,14.0,85,0.75,30,15.0,2290,50.0,35.0,0.0,0.0,2.0,1.5,33.0,40,110.7,100,1
19901008,363,4,34587,1,0,2,1,0,0,0,1,1,1,2,827,9,3,1,1911,30.0,53,0.3,15.0,80,0.75,30,15.0,2290,50.0,35.0,0.0,0.0,2.5,1.0,33.0,40,110.7,100,1
19901014,358,62,34756,1,0,1,1,0,0,0,1,1,2,2,824,2,3,1,1911,30.0,54,0.33299999999999996,16.3,80,0.8125,30,0.0,2100,60.0,40.0,3.0,0.0,2.5,1.2,30.0,40,114.29,100,1
19901014,391,62,34756,1,0,1,1,0,0,0,1,1,2,2,824,9,3,1,1911,30.0,54,0.2,14.9,72,1.25,30,3.6,2100,60.2,36.1,1.5,0.0,2.5,1.2,30.0,40,114.29,100,1
19901027,116,69,34996,1,0,2,1,0,0,0,1,1,2,3,816,9,3,0,1910,35.0,43,0.36700000000000005,13.0,75,0.75,30,0.0,2000,62.5,37.5,0.0,0.0,2.5,1.1,30.0,40,100.0,100,0
19901101,311,63,25445,2,0,2,1,0,2,2,1,1,2,2,821,7,3,3,1910,52.5,43,0.267,15.0,71,0.75,28,7.4,1500,53.2,39.4,0.0,0.0,2.5,1.0,34.0,40,98.3,100,0
19901102,315,46,36165,2,0,2,1,0,2,2,1,1,1,2,828,2,3,3,1910,65.0,43,0.2,16.0,78,0.75,30,12.0,2100,46.3,41.7,0.0,0.0,2.0,1.0,40.0,40,100.0,100,0
19901031,329,46,36165,2,0,2,1,0,2,2,1,1,1,2,828,9,3,3,1910,65.0,42,0.233,17.5,100,1.125,25,17.5,2250,48.5,34.0,0.0,0.0,2.5,1.0,40.0,40,100.0,100,1
19901031,315,46,36165,2,0,2,1,0,2,2,1,1,1,2,828,2,3,3,1910,65.0,42,0.2,17.0,80,1.0,22,15.0,2250,50.0,35.0,1.0,0.0,2.5,1.0,40.0,40,100.0,100,1
19901102,122,4,34588,1,0,2,1,0,0,0,1,1,2,3,815,9,3,1,1910,37.5,43,0.2,16.0,76,0.9375,30,0.0,2180,62.5,37.5,2.0,0.0,2.9,1.2,33.0,40,96.77,100,0
19901023,114,67,36059,0,0,2,1,0,0,0,1,1,2,3,815,2,3,1,1910,40.0,42,0.2,16.1,73,0.625,30,0.0,2000,61.9,38.1,0.0,0.0,2.8,1.0,30.0,40,100.0,100,0
19901027,116,68,34996,1,0,2,1,0,0,0,1,1,2,3,816,9,3,0,1910,35.0,43,0.36700000000000005,13.0,75,0.75,30,0.0,2000,62.5,37.5,0.0,0.0,2.5,1.1,30.0,40,100.0,100,0
19901030,107,68,34996,1,0,2,1,0,0,0,1,1,2,3,816,9,3,0,1910,35.0,42,0.3,15.9,78,0.375,32,0.0,2150,62.5,37.5,0.0,0.0,1.7,0.9,30.0,40,101.67,100,0
19901031,141,4,34588,1,0,2,1,0,0,0,1,1,1,3,815,2,3,1,1910,40.0,43,0.233,15.5,85,0.75,25,4.7,2000,58.1,37.2,0.0,0.0,2.5,1.0,33.0,40,96.77,100,0
19901102,128,4,34588,1,0,2,1,0,0,0,1,1,2,3,815,2,3,1,1910,40.0,43,0.267,17.2,78,0.9375,30,1.0,2180,58.3,40.7,2.0,0.0,2.4,0.8,33.0,40,96.77,100,0
19901107,294,63,25466,2,0,2,1,0,2,2,1,1,2,2,821,7,3,3,1910,50.0,43,0.267,17.0,72,0.625,30,14.3,1600,47.6,38.1,0.0,0.0,2.5,1.0,34.0,40,96.77,100,0
19901114,326,63,25477,2,0,2,1,0,2,2,1,1,1,2,821,7,3,3,1911,50.0,42,0.2,17.0,73,0.4375,20,18.5,1800,46.3,35.1,2.0,0.0,2.5,1.0,34.0,40,100.0,100,0
19901108,257,51,47106,2,0,2,1,0,2,2,1,1,2,0,802,2,1,1,1910,40.0,43,0.2,13.5,76,0.75,52,4.4,1726,55.0,40.6,0.0,0.0,3.0,1.0,40.0,40,96.77,100,1
19901105,138,38,34716,1,0,2,1,0,2,0,1,1,2,3,816,9,3,3,1910,40.0,43,0.267,16.4,79,0.3125,35,0.5,2400,59.5,40.0,0.5,0.0,2.6,1.1,35.0,40,96.77,100,1
19901109,138,38,34716,1,0,2,1,0,2,0,1,1,1,3,816,9,3,3,1910,40.0,51,0.233,15.0,70,0.25,24,0.5,0,59.5,40.0,0.0,0.0,3.0,1.0,35.0,40,100.0,100,0
19901108,115,68,34997,1,0,2,1,0,0,0,1,1,1,3,815,1,3,1,1910,32.5,43,0.2,13.0,80,0.75,28,0.0,1500,62.5,37.5,0.0,0.0,0.0,0.0,30.0,40,100.0,100,0
19901105,104,38,34716,1,0,2,1,0,2,0,1,1,2,3,816,2,3,3,1910,40.0,43,0.233,15.6,81,0.5,34,0.0,2400,62.5,37.5,5.0,0.0,2.5,0.9,35.0,40,96.77,100,1
19901107,131,38,34716,1,0,2,1,0,2,0,1,1,2,3,816,7,3,3,1910,37.5,43,0.2,15.8,80,0.5,32,0.0,2400,62.5,37.5,5.0,0.0,2.5,0.9,35.0,40,96.77,100,1
19901105,214,61,34553,1,0,2,1,0,0,0,1,1,2,2,827,2,2,1,1910,45.0,42,0.267,14.9,75,1.0,25,10.5,1660,52.6,36.9,0.0,0.0,2.5,1.0,30.0,40,101.67,100,1
19901105,213,61,34553,1,0,2,1,0,0,0,1,1,2,2,827,9,2,1,1910,45.0,42,0.2,14.0,80,0.75,20,7.6,2000,54.3,38.1,0.0,0.0,2.5,1.0,30.0,40,101.67,100,1
19901107,293,46,36166,1,0,2,1,0,2,0,1,1,1,2,828,2,3,3,1910,45.0,43,0.2,16.0,80,0.75,30,3.1,2200,51.0,45.9,0.0,0.0,2.5,1.3,35.0,40,103.33,100,1
19901107,359,46,36166,1,0,2,1,0,2,0,1,1,1,2,828,9,3,3,1910,50.0,43,0.2,15.5,72,0.75,30,5.1,2200,50.6,44.3,0.0,0.0,2.5,1.3,35.0,40,96.77,100,1
19901106,88,51,47106,2,0,2,1,0,2,2,1,1,1,0,802,7,1,3,1910,40.0,45,0.233,13.6,90,0.75,45,0.0,1386,62.5,37.5,0.0,0.0,3.0,0.7,40.0,40,96.77,100,0
19901113,88,51,47106,2,0,2,1,0,2,2,1,1,1,0,802,7,1,3,1910,40.0,42,0.2,15.0,65,0.75,55,0.0,1650,62.5,37.5,0.0,0.0,2.5,1.0,40.0,40,96.77,100,0
19901117,399,10,34442,2,0,2,1,0,2,2,1,1,1,2,821,7,3,3,1910,50.0,43,0.267,14.0,74,0.625,20,2.2,1800,56.2,41.6,0.0,0.0,3.0,1.0,38.0,40,96.875,100,0
19901114,126,68,34997,1,0,2,1,0,0,0,1,1,2,3,815,9,3,1,1910,50.0,47,0.2,16.2,74,0.75,28,10.8,2000,53.4,35.8,0.0,0.0,2.5,1.3,30.0,40,100.0,100,0
19901115,120,68,34997,1,0,2,1,0,0,0,1,1,2,3,815,2,3,1,1910,50.0,47,0.267,16.0,92,0.75,35,0.0,1800,68.0,32.0,1.0,0.0,2.6,1.2,30.0,40,100.0,100,0
19901125,274,62,34759,1,0,1,1,0,0,0,1,1,2,3,816,1,2,1,1910,32.5,47,0.267,16.1,88,0.3125,28,0.0,2189,62.5,37.5,0.0,0.0,2.4,0.8,30.0,40,100.0,100,1
19901125,275,62,34759,1,0,1,1,0,0,0,1,1,2,3,816,2,2,1,1910,32.5,47,0.2,20.0,79,0.3125,29,0.0,2189,58.1,41.9,5.0,0.0,2.5,1.25,30.0,40,100.0,100,1
19901119,125,42,34781,1,0,2,1,0,2,0,1,1,2,3,816,2,3,3,1910,70.0,43,0.3,18.1,78,0.5,28,14.4,2125,48.1,37.5,5.0,0.0,3.0,0.9,33.0,40,100.0,100,1
19901119,111,42,34781,1,0,2,1,0,2,0,1,1,2,3,816,9,3,3,1910,70.0,43,0.233,16.0,77,0.8175,28,15.9,2125,46.5,37.6,3.0,0.0,1.75,0.6,33.0,40,100.0,100,1
19901125,278,62,34759,1,0,1,1,0,0,0,1,1,2,3,816,9,2,1,1910,40.0,47,0.2,16.53,78,0.8125,24,0.0,2189,58.8,41.2,0.0,0.0,2.0,0.8,30.0,40,100.0,100,1
19901116,129,68,34997,1,0,2,1,0,0,0,1,1,2,3,815,2,3,1,1910,32.5,45,0.233,14.0,94,0.625,25,0.0,1800,66.7,33.3,0.0,0.0,2.1,1.0,30.0,40,100.0,100,0
19901124,277,62,34259,1,0,1,1,0,0,0,1,1,1,3,815,1,2,1,1911,40.0,47,0.267,15.0,88,0.5,34,0.0,1700,62.5,37.5,0.0,0.0,0.0,0.0,30.0,40,100.0,100,0
19901120,257,51,47106,2,0,2,1,0,2,2,1,1,2,0,802,2,1,3,1911,40.0,46,0.3,15.0,70,0.75,50,0.0,1800,53.9,46.1,0.0,0.0,2.5,1.0,40.0,40,100.0,100,0
19901121,88,51,47106,2,0,2,1,0,2,2,1,1,1,0,802,7,1,3,1911,40.0,50,0.233,14.0,70,0.75,45,0.0,1800,60.2,39.8,0.0,0.0,2.5,1.0,40.0,40,100.0,100,0
19901114,387,63,25447,2,0,2,1,0,2,2,1,1,1,2,821,2,3,3,1911,45.0,41,0.2,15.0,78,0.75,20,14.6,1800,48.5,36.9,0.0,0.0,2.5,1.0,34.0,40,100.0,100,1
19901115,209,61,34554,1,0,2,1,0,2,0,1,1,2,2,827,2,2,3,1910,45.0,42,0.2,14.0,75,1.0,20,11.2,1800,51.0,37.8,8.0,0.0,2.5,1.0,35.0,40,100.0,100,1
19901115,210,61,34554,1,0,2,1,0,2,0,1,1,2,2,827,9,2,3,1911,45.0,42,0.33299999999999996,14.0,75,1.0,20,0.0,1800,58.9,41.1,8.0,0.0,3.0,2.0,35.0,40,100.0,100,1
19901113,390,46,36167,1,0,0,1,0,2,0,1,1,2,2,828,2,3,4,1910,45.0,41,0.33299999999999996,15.8,78,1.0,40,0.0,2300,62.5,37.5,4.0,0.0,2.5,1.4,35.0,40,100.0,100,1
19901113,388,46,36167,1,0,0,1,0,2,0,1,1,2,2,828,9,3,4,1910,45.0,41,0.2,14.6,74,1.0,32,21.0,2300,47.6,31.4,4.0,0.0,2.5,1.1,35.0,40,96.77,100,1
19901206,284,63,25450,2,0,2,1,0,2,2,1,1,2,2,821,7,3,3,1910,45.0,42,0.4,14.8,72,0.625,20,0.0,1800,58.8,41.2,0.0,0.0,2.5,0.9,34.0,40,106.25,100,1
19901206,138,48,36805,2,0,2,1,0,2,2,1,1,2,3,815,9,3,2,1910,50.0,42,0.267,16.0,88,0.75,33,11.5,1650,52.1,36.4,0.0,0.0,2.5,1.0,38.0,40,106.25,100,1
19901206,120,48,36805,2,0,2,1,0,2,2,1,1,1,3,815,2,3,2,1910,50.0,42,0.3,17.0,88,0.75,30,0.0,1600,62.5,27.5,5.0,0.0,2.6,1.0,38.0,40,106.25,100,0
19901206,120,48,36805,2,0,2,1,0,2,1,1,1,2,3,815,2,3,2,1910,50.0,42,0.233,15.0,90,1.0,35,0.0,1650,55.5,44.5,0.0,0.0,2.5,1.0,38.0,40,100.0,100,0
19901206,285,63,25450,2,0,2,1,0,2,2,1,1,2,2,821,2,3,3,1910,50.0,42,0.36700000000000005,15.5,73,0.625,20,3.6,1800,60.2,36.2,0.0,0.0,2.5,0.9,34.0,40,106.25,100,1
19901208,265,5,38120,2,0,2,0,0,2,1,1,1,2,3,815,2,1,3,1910,45.0,43,0.3,20.0,84,0.625,33,0.0,1200,58.8,41.2,0.0,0.0,2.5,0.5,40.0,40,106.25,100,0
19901209,344,26,34692,1,0,2,1,0,0,2,1,1,1,2,824,2,3,1,1910,45.0,42,0.3,15.0,70,0.8125,40,0.0,1500,58.8,41.2,3.0,0.0,2.0,1.0,30.0,40,100.0,100,0
19901209,273,60,35001,2,0,2,1,0,2,2,1,1,2,3,816,9,2,3,1910,40.0,42,0.2,12.7,84,0.5,32,0.0,1750,62.5,37.5,0.0,0.0,2.5,0.9,40.0,40,100.0,100,1
19901209,321,31,23048,2,0,2,1,0,2,2,1,1,2,2,821,7,3,0,1910,40.0,42,0.33299999999999996,15.5,64,0.625,20,10.5,1550,52.6,36.9,0.0,0.0,2.0,0.6,40.0,40,106.25,100,1
19901209,405,31,23048,2,0,2,1,0,2,2,1,1,2,2,821,2,3,0,1910,40.0,42,0.33299999999999996,16.0,78,0.625,20,0.0,1550,62.5,37.5,0.0,0.0,2.5,1.0,40.0,40,106.25,100,1
19901209,189,1,27490,1,0,2,1,0,2,0,1,1,1,0,802,2,1,3,1910,32.0,42,0.233,16.0,70,0.625,46,0.0,1350,60.2,39.8,0.0,0.0,3.0,1.0,34.0,40,100.0,100,1
19901209,81,1,27490,1,0,2,1,0,2,0,1,1,1,0,802,7,1,3,1910,32.0,42,0.233,16.0,70,0.625,48,0.0,1350,63.9,36.1,0.0,0.0,3.0,1.0,34.0,40,100.0,100,1
19901219,342,63,25452,2,0,2,1,0,2,2,1,1,2,2,821,7,3,3,1910,67.5,50,0.16699999999999998,16.5,73,0.875,20,18.1,1800,47.6,34.3,0.0,0.0,2.5,0.8,34.0,40,110.71,100,0
19901222,142,5,38121,2,0,2,1,0,2,2,1,1,2,3,815,9,1,1,1911,45.0,60,0.3,16.0,88,0.75,33,0.0,1500,56.8,43.2,0.0,0.0,2.9,1.1,40.0,40,103.22,100,0
19901209,281,60,35001,2,0,2,1,0,2,1,1,1,1,3,816,2,2,3,1910,42.0,42,0.267,14.5,78,1.0,28,0.0,1800,61.7,38.3,0.0,0.0,2.5,2.0,40.0,40,100.0,100,0
19901211,158,5,38121,2,0,2,1,0,2,1,1,1,1,3,815,2,1,1,1910,45.0,40,0.3,16.0,89,0.625,22,0.0,1300,60.0,40.0,1.0,0.0,2.5,1.0,40.0,40,106.45,100,0
19901212,149,5,38121,2,0,2,1,0,2,1,1,1,1,3,815,2,1,1,1910,45.0,42,0.267,14.0,89,0.75,26,0.0,1450,58.8,41.2,1.0,0.0,2.5,1.0,40.0,40,103.22,100,0
19901215,57,23,35525,2,0,2,1,0,2,2,1,1,1,3,815,9,1,3,1910,40.0,54,0.3,14.8,87,0.75,29,0.0,1000,58.8,41.2,0.0,0.0,2.9,1.0,40.0,40,106.45,100,0
19901212,153,5,38121,2,0,2,1,0,2,2,1,1,1,3,815,9,1,1,1910,45.0,42,0.36700000000000005,16.0,83,0.625,30,0.0,1950,58.8,41.2,0.0,0.0,2.5,1.0,40.0,40,106.45,100,0
19901215,46,35,34099,2,0,2,1,0,2,2,1,1,1,0,802,2,1,3,1910,45.0,41,0.267,13.3,70,0.75,50,0.0,1700,60.2,39.8,0.0,0.0,3.0,0.8,38.0,40,117.85,100,1
19901215,49,35,34099,2,0,2,1,0,2,2,1,1,1,0,802,7,1,3,1910,45.0,41,0.267,13.3,70,0.75,50,0.0,1700,63.9,36.1,0.0,0.0,3.0,0.7,38.0,40,117.85,100,1
19901209,273,60,35001,2,0,2,1,0,2,2,1,1,1,3,816,9,2,3,1910,35.0,42,0.2,15.5,80,1.0,26,0.0,1800,62.5,37.5,3.0,0.0,2.5,2.0,40.0,40,100.0,100,1
19901219,416,63,25452,2,0,2,1,0,2,2,1,1,2,2,821,2,3,3,1910,65.0,50,0.2,15.1,75,0.625,20,19.0,1800,47.6,33.4,0.0,0.0,2.7,0.6,34.0,40,110.71,100,1
19901212,408,63,25451,2,0,2,1,0,2,2,1,1,2,2,821,7,3,3,1910,55.0,40,0.3,15.1,69,0.625,20,19.5,1450,44.2,36.3,0.0,0.0,2.5,0.9,34.0,40,106.45,100,1
19901230,17,51,48201,2,0,2,1,0,2,2,1,1,2,3,815,2,1,3,1911,62.0,52,0.433,15.0,78,0.75,28,5.9,1400,58.8,35.3,4.0,0.0,2.5,0.8,40.0,40,103.22,100,0
19901210,232,61,34556,1,0,2,1,0,0,0,1,1,2,3,816,2,2,1,1910,37.5,42,0.2,16.0,70,0.375,28,0.0,2400,58.8,41.2,3.0,0.0,3.0,0.8,30.0,40,106.45,100,0
19901215,75,23,35525,2,0,2,1,0,2,2,1,1,2,3,815,2,1,3,1910,40.0,54,0.267,22.2,77,0.625,32,6.25,1000,56.25,37.5,0.0,0.0,3.0,1.2,40.0,40,106.45,100,0
19901212,220,61,34556,1,0,2,1,0,0,0,1,1,2,3,816,9,2,1,1910,37.5,40,0.2,14.0,80,0.25,24,0.0,2400,58.8,41.2,2.0,0.0,2.5,0.8,30.0,40,106.45,100,1
19901218,230,61,34556,1,0,2,1,0,0,0,1,1,2,3,816,2,2,1,1910,37.5,50,0.2,15.5,95,0.625,26,0.0,2350,62.5,37.5,1.0,0.0,2.6,0.6,30.0,40,106.45,100,1
19901214,240,61,34556,1,0,2,1,0,0,0,1,1,2,3,816,2,2,1,1910,37.5,41,0.2,15.0,80,0.5,30,0.0,2398,58.8,41.2,9.0,0.0,2.5,0.7,30.0,40,106.45,100,1
19901211,349,4,34590,1,0,2,1,0,0,0,1,1,2,2,827,9,3,1,1910,50.0,40,0.3,15.0,72,0.75,30,0.0,2233,58.8,41.2,8.0,0.0,1.5,1.0,33.0,40,106.45,100,1
19901211,325,4,34590,1,0,2,1,0,0,0,1,1,2,2,827,2,3,1,1910,50.0,40,0.233,15.0,88,0.75,30,0.0,2233,58.8,41.2,8.0,0.0,3.0,1.0,33.0,40,106.45,100,1
19901214,322,26,34693,1,0,2,1,0,0,0,1,1,2,2,828,2,3,1,1910,45.0,41,0.2,16.1,74,1.0,30,0.0,1800,62.5,37.5,1.0,0.0,2.5,1.2,30.0,40,106.45,100,1
19901214,288,26,34693,1,0,2,1,0,0,0,1,1,2,2,828,9,3,1,1910,50.0,41,0.2,15.7,80,1.0,43,0.0,1800,62.5,37.5,1.0,0.0,2.5,1.5,30.0,40,106.45,100,1
19901218,402,26,34694,1,0,2,1,0,0,0,1,1,2,2,824,2,3,1,1910,30.0,41,0.33299999999999996,15.5,74,0.8125,30,2.5,1900,58.0,39.5,4.5,0.0,1.9,1.3,30.0,40,114.28,100,1
19901218,82,23,35525,2,0,2,1,0,2,2,1,1,2,3,815,2,1,3,1910,40.0,41,0.267,15.5,76,0.75,28,3.6,1750,60.2,36.1,4.0,0.0,3.0,1.0,40.0,40,117.85,100,1
19901230,362,63,25502,2,0,2,1,0,2,2,1,1,2,2,821,2,3,3,1911,52.0,52,0.267,16.0,78,0.75,30,14.1,1250,50.5,53.4,0.0,0.0,3.0,0.9,34.0,40,103.22,100,0
19910810,147,16,37001,2,0,2,1,0,2,2,1,1,1,0,802,7,1,0,1911,45.0,62,0.233,15.0,76,0.75,50,0.0,1500,58.8,41.2,0.0,0.0,3.0,1.2,38.0,40,103.225,100,0
19910815,361,26,35462,1,0,2,1,0,0,0,1,1,1,2,824,2,3,0,1910,40.0,58,0.2,17.0,75,0.05625,30,0.0,1900,58.8,41.2,0.0,0.0,2.6,1.4,30.0,40,103.225,100,0
19910829,145,16,37001,2,0,2,1,0,2,2,1,1,2,0,802,7,1,0,1910,60.0,60,0.233,15.0,80,0.75,56,14.3,1380,47.6,38.1,0.0,0.0,3.0,1.0,38.0,40,106.4,100,1
19910712,267,0,24780,1,0,2,1,0,2,0,1,1,2,3,816,9,1,0,1911,47.5,65,0.2,14.0,80,0.5,27,11.5,1725,52.1,36.4,3.0,0.0,3.0,0.9,34.0,40,103.125,100,1
19910804,428,46,37371,1,0,2,1,0,2,0,1,1,1,3,816,2,3,0,1910,40.0,58,0.2,15.5,84,0.375,25,9.0,2000,52.8,38.2,5.0,0.0,3.0,1.1,35.0,40,103.125,100,1
19910804,426,46,37371,1,0,2,1,0,2,0,1,1,2,3,816,9,3,0,1910,40.0,58,0.267,15.0,80,0.1875,30,3.2,2000,53.8,43.0,0.0,0.0,2.5,1.0,35.0,40,103.125,100,1
19910712,190,0,24780,1,0,2,1,0,2,0,1,1,2,3,816,2,1,0,1911,47.5,65,0.2,15.7,87,0.25,30,5.6,1725,55.6,38.9,3.0,0.0,3.0,0.85,34.0,40,103.125,100,1
19910719,222,61,88231,1,0,2,1,0,0,0,1,1,2,3,816,9,2,0,1910,40.0,62,0.2,13.7,91,0.375,32,5.6,2300,55.6,38.9,2.0,0.0,2.5,1.0,33.0,40,100.0,100,1
19910719,236,61,88231,1,0,2,1,0,0,0,1,1,2,3,816,2,2,0,1910,40.0,62,0.2,14.9,80,0.5,28,3.4,2303,56.8,39.8,2.0,0.0,2.5,0.6,33.0,40,100.0,100,1
19910727,382,4,37182,1,0,2,1,0,0,0,1,1,2,2,821,2,3,0,1911,45.0,58,0.2,15.0,75,0.625,20,10.5,2100,52.6,36.8,0.0,0.0,2.5,0.7,33.0,40,103.125,100,1
19910727,411,4,37182,1,0,2,1,0,0,0,1,1,2,2,821,7,3,0,1911,45.0,58,0.2,15.0,72,0.625,25,10.5,2100,52.6,36.8,5.0,0.0,2.5,0.8,33.0,40,103.125,100,1
19910718,314,63,25530,2,0,2,1,0,2,2,1,1,2,2,821,7,3,0,1910,42.0,58,0.233,16.0,78,0.5,25,0.0,1800,58.8,41.2,5.0,0.0,2.5,1.0,34.0,40,103.125,100,1
19911124,62,9,37970,1,0,2,1,0,2,0,1,1,2,0,802,2,1,0,1910,27.5,41,0.267,17.58,80,0.75,50,3.4,1490,56.8,39.8,0.0,0.0,3.0,1.0,35.0,40,103.125,100,1
19911124,53,9,37970,1,0,2,1,0,2,0,1,1,2,0,802,7,1,0,1911,35.0,41,0.267,16.66,78,0.75,50,7.6,1490,54.3,38.0,0.0,0.0,3.0,1.0,35.0,40,106.7,100,1
19910829,152,16,37001,2,0,2,1,0,2,2,1,1,2,0,802,2,1,0,1910,60.0,60,0.2,15.0,80,0.75,50,10.4,1380,47.2,42.5,0.0,0.0,3.0,1.0,38.0,40,106.5,100,1
19910807,91,0,24780,1,0,2,1,0,2,0,1,1,2,0,802,2,1,0,1910,40.0,60,0.2,15.0,80,0.625,50,0.0,1400,58.8,41.2,0.0,0.0,3.0,0.6,34.0,40,103.1,100,1
19910807,71,0,24780,0,0,2,1,0,2,0,1,1,2,0,802,7,1,0,1910,40.0,60,0.2,15.0,80,0.625,50,6.6,1400,54.9,38.5,6.0,0.0,3.0,1.1,34.0,40,103.1,100,1
19910817,224,60,35529,2,0,2,1,0,2,2,1,1,2,0,802,2,2,0,1910,45.0,58,0.2,17.0,72,0.75,30,3.2,1470,53.8,43.0,0.0,0.0,3.0,1.0,34.0,40,100.0,100,1
19910903,368,62,35874,1,0,1,1,0,0,0,1,1,1,2,824,2,3,0,1910,40.0,62,0.3,16.1,82,0.812,30,5.7,1800,56.8,37.5,10.0,0.0,0.7,0.5,30.0,40,106.5,100,1
19910903,332,62,35874,1,0,1,1,0,0,0,1,1,1,2,824,9,3,0,1911,40.0,62,0.233,16.1,78,0.5625,25,5.5,1800,55.0,39.5,0.0,0.0,1.6,1.5,30.0,40,103.23,100,1
19910729,316,67,37508,1,0,2,1,0,0,0,1,1,2,2,824,9,3,0,1910,45.0,57,0.233,15.0,88,0.5625,30,10.4,1900,52.1,37.5,0.0,0.0,2.5,1.8,30.0,40,100.0,100,1
19910818,373,67,37513,1,0,2,1,0,0,0,1,1,2,2,824,2,3,0,1911,40.0,59,0.3,16.4,85,0.8125,30,0.0,1900,58.8,41.2,10.0,0.0,2.0,0.8,30.0,40,96.88,100,1
19910730,401,57,35761,1,0,2,1,0,0,0,1,1,2,2,828,2,3,0,1910,35.0,59,0.2,16.1,82,0.75,28,0.0,2500,58.8,41.2,0.0,0.0,2.5,1.3,30.0,40,100.0,100,1
19910730,385,57,35761,1,0,2,1,0,0,0,1,1,2,2,828,9,3,0,1910,35.0,59,0.2,16.1,84,0.75,30,0.0,2500,55.0,45.0,0.0,0.0,2.5,1.1,30.0,40,100.0,100,1
19911211,282,32,37018,1,0,2,1,0,0,0,1,1,2,3,816,2,2,0,1911,42.5,47,0.2,16.2,78,0.75,30,0.0,2100,56.2,43.8,0.0,0.0,2.5,1.2,33.0,40,110.0,100,0
19910809,266,3,39200,2,0,2,1,0,2,2,1,1,1,3,815,2,1,0,1910,40.0,68,0.2,14.8,90,1.0,30,0.0,1440,58.8,41.2,0.0,0.0,2.5,1.0,40.0,40,103.13,100,0
19910806,428,46,37371,1,0,2,1,0,2,0,1,1,2,3,816,2,3,0,1910,40.0,60,0.2,15.0,85,1.0,25,6.9,2100,54.0,39.1,0.0,0.0,2.5,1.2,35.0,40,103.13,100,0
19910924,243,34,39027,2,0,2,1,0,2,2,1,1,2,3,816,2,1,0,1911,50.0,65,0.2,16.0,80,0.5,28,12.5,1550,50.0,37.5,0.0,0.0,2.5,1.5,34.0,40,106.45,100,0
19910923,261,34,39027,2,0,2,1,0,2,2,1,1,1,3,816,9,1,0,1910,50.0,60,0.267,16.0,78,0.5,28,4.5,1520,53.0,42.0,0.0,0.0,2.5,1.5,34.0,40,106.2,100,0
19910915,118,4,37189,1,0,2,1,0,0,0,1,1,2,3,815,2,3,0,1910,40.0,63,0.233,15.8,80,0.75,30,10.5,2000,52.6,36.9,0.0,0.0,3.0,1.0,33.0,40,109.7,100,0
19910802,247,67,37510,1,0,2,1,0,0,0,1,1,2,3,815,9,1,0,1910,40.0,60,0.2,14.5,85,1.0,35,0.0,1250,58.8,41.2,2.5,0.0,1.5,1.0,30.0,40,100.0,100,0
19910719,88,9,37964,1,0,2,1,0,2,0,1,1,2,3,815,2,1,0,1910,40.0,69,0.2,14.5,76,0.625,22,0.0,1250,58.8,41.2,1.0,0.0,2.5,1.0,35.0,40,100.0,100,0
19910729,102,67,37510,1,0,2,1,0,0,0,1,1,1,3,815,2,1,0,1910,45.0,61,0.2,14.0,98,0.75,30,0.0,1600,58.8,41.2,2.0,0.0,2.4,0.9,30.0,40,100.0,100,0
19910729,161,9,37965,1,0,2,1,0,2,0,1,1,1,3,816,9,1,0,1910,55.0,61,0.28300000000000003,21.0,78,1.0,28,0.0,1500,58.8,41.2,3.0,0.0,2.5,0.7,35.0,40,100.0,100,0
19911209,283,32,37018,1,0,2,1,0,0,0,1,1,2,3,816,9,2,0,1911,42.5,52,0.2,16.0,82,0.75,30,0.0,2150,58.8,41.2,0.0,0.0,2.5,1.0,33.0,40,110.0,100,0
19920105,163,16,34250,2,0,2,1,0,2,1,1,1,1,3,816,2,1,0,1911,50.0,47,0.2,15.0,80,0.625,28,0.0,1750,59.0,41.0,0.0,0.0,1.0,1.0,38.0,40,91.89,100,0
19920115,168,51,47301,2,0,2,1,0,2,2,1,1,2,3,816,2,1,0,1910,40.0,44,0.2,14.3,78,0.25,32,0.0,1650,56.8,43.2,3.0,0.0,2.5,2.5,40.0,40,100.0,100,0
19920114,168,51,47301,1,0,2,1,0,2,2,1,1,2,3,816,2,1,0,1911,40.0,43,0.2,15.2,78,0.75,32,8.2,1500,51.0,40.8,2.0,0.0,2.7,1.8,40.0,40,106.25,100,0
19920110,168,51,47301,2,0,2,1,0,2,2,1,1,2,3,816,2,1,0,1911,55.0,44,0.2,15.0,70,0.625,28,8.2,1700,51.0,40.8,0.0,0.0,2.5,2.0,40.0,40,100.0,100,0
19911104,130,62,35880,1,0,1,1,0,0,0,1,1,2,3,816,2,1,0,1910,40.0,38,0.2,16.5,85,0.625,30,4.3,1900,53.2,42.5,0.0,0.0,3.0,1.0,30.0,40,103.13,100,0
19911103,130,62,35880,1,0,1,1,0,0,0,1,1,0,3,816,2,3,0,1910,40.0,40,0.2,15.7,85,0.3125,27,4.3,2050,53.2,42.5,1.0,0.0,2.5,1.5,30.0,40,103.13,100,0
19911102,135,62,35880,1,0,1,1,0,0,0,1,1,2,3,816,2,3,0,1911,40.0,40,0.3,14.9,75,0.625,28,4.3,2000,53.2,42.5,4.0,0.0,2.5,1.5,30.0,40,117.86,100,0
19911203,389,63,25550,2,0,2,1,0,2,2,1,1,2,2,821,7,3,0,1911,40.0,47,0.2,14.5,85,0.75,25,10.5,1850,52.6,36.9,2.0,0.0,0.0,0.0,34.0,40,110.0,100,0
19910920,295,11,37068,1,0,2,1,0,0,0,1,1,2,2,821,2,3,0,1911,40.0,49,0.3,17.0,75,0.625,30,0.0,1600,58.8,41.2,0.0,0.0,2.5,0.65,33.0,40,109.6,100,0
19910822,231,60,35529,2,0,2,1,0,2,2,1,1,2,0,802,7,2,0,1911,47.5,58,0.217,13.1,70,0.75,55,10.0,1660,50.0,40.0,0.0,0.0,2.9,1.0,34.0,40,96.88,100,0
19920220,110,45,29442,2,0,2,1,0,2,1,1,1,2,3,816,2,3,0,1910,50.0,40,0.2,15.2,78,1.0,24,0.0,1850,58.8,41.2,0.0,0.0,2.9,1.1,40.0,40,103.13,100,0
19910724,90,64,35522,2,0,2,1,0,2,2,1,1,1,0,802,2,1,0,1911,40.0,65,0.2,15.0,80,0.625,50,10.4,1640,47.2,42.4,1.0,0.0,3.0,1.5,32.0,40,103.13,100,0
19910917,307,20,37575,1,0,2,1,0,0,0,1,1,2,2,824,2,3,0,1910,30.0,54,0.3,17.0,78,0.8125,30,0.0,1700,58.8,41.2,0.0,0.0,2.5,1.2,30.0,40,106.25,100,0
19920205,378,20,34272,2,0,2,1,0,0,0,1,1,2,2,824,9,3,0,1910,30.0,40,0.2,14.0,73,0.5625,30,0.0,1800,58.8,41.2,0.0,0.0,0.0,0.0,30.0,40,100.0,100,0
19910810,151,16,37001,2,0,2,1,0,2,2,1,1,2,0,802,7,1,0,1911,50.0,62,0.267,11.2,80,0.75,50,0.0,1570,58.8,41.2,0.0,0.0,3.0,1.0,38.0,40,103.23,100,0
19910817,238,60,35529,2,0,2,1,0,2,2,1,1,2,0,802,7,2,0,1910,45.0,63,0.267,15.0,80,0.75,50,0.0,1470,58.8,41.2,2.0,0.0,3.0,1.0,34.0,40,100.0,100,0
19910724,199,64,35522,2,0,2,1,0,2,2,1,1,1,0,802,7,1,0,1911,37.5,65,0.2,16.0,80,0.625,50,6.6,1640,54.9,38.5,3.0,0.0,3.0,1.0,32.0,40,103.13,100,0
19920208,3,46,34514,1,0,2,1,0,2,0,1,1,2,2,821,7,3,0,1910,40.0,39,0.2,15.0,83,0.625,30,0.0,2000,58.1,41.9,1.0,0.0,2.5,0.6,35.0,40,100.0,100,0
19920207,5,46,34514,1,0,2,1,0,2,0,1,1,2,2,821,7,3,0,1911,40.0,39,0.2,15.0,72,0.375,30,0.0,2000,58.1,41.9,1.0,0.0,2.5,0.3,35.0,40,109.9,100,0
19910730,299,63,25532,2,0,2,1,0,2,2,1,1,2,2,821,2,3,0,1910,40.0,59,0.25,15.0,80,0.75,40,13.3,1750,51.0,35.7,0.0,0.0,2.2,0.7,34.0,40,100.0,100,0
19920408,251,9,37998,1,0,0,0,0,2,0,1,0,0,3,815,2,0,0,1910,30.0,50,0.233,16.1,79,0.625,25,0.0,1400,58.8,41.2,0.0,0.0,2.5,1.0,30.0,40,106.0,100,0
19920402,320,31,23233,2,0,0,0,0,2,0,1,0,2,2,821,7,0,0,1911,40.0,40,0.3,14.5,72,0.625,34,0.0,1620,58.8,41.2,0.0,0.0,2.5,1.3,30.0,40,102.0,100,0
19920317,9,46,34518,1,0,0,0,0,2,0,1,0,1,2,821,7,0,0,1911,45.0,36,0.2,14.0,76,0.625,20,0.0,1700,58.8,41.2,0.0,0.0,2.0,0.9,30.0,40,100.0,100,0
19920402,171,55,34014,1,0,0,0,0,2,0,1,0,0,3,816,9,3,0,1910,40.0,40,0.3,15.5,75,0.75,25,0.0,1100,58.8,41.2,0.0,0.0,2.5,1.0,30.0,40,102.941,100,0
19920405,294,68,34227,1,0,0,0,0,0,0,1,0,2,2,824,9,3,0,1910,35.0,42,0.2,15.0,78,0.5625,40,0.0,1750,58.8,41.2,0.0,0.0,2.3,1.0,30.0,40,103.0,100,0
19920416,132,57,36423,1,0,0,0,0,0,0,1,0,2,3,815,2,3,0,1910,55.0,51,0.25,16.4,78,0.5,29,0.0,1800,58.8,41.2,0.0,0.0,1.5,1.0,30.0,40,100.0,100,0
19920326,376,57,34294,1,0,0,0,0,0,0,1,0,2,2,821,2,3,0,1910,35.0,48,0.267,16.0,72,0.75,20,0.0,1650,58.8,41.2,0.0,0.0,1.5,1.1,30.0,40,83.33,100,0
19920320,108,57,34293,1,0,0,0,0,0,0,1,0,2,3,816,2,3,0,1910,47.5,50,0.2,17.0,70,0.5,30,0.0,2000,58.8,41.2,0.0,0.0,2.2,0.7,30.0,40,103.225,100,0
19920515,295,62,34156,1,0,0,0,0,0,0,1,0,2,2,824,10,3,0,1911,40.0,52,0.2,13.5,85,0.75,30,0.0,1900,58.8,41.2,0.0,0.0,0.0,0.0,30.0,40,94.4,100,0
19920523,216,61,34453,1,0,0,0,0,2,0,1,0,2,2,827,2,2,0,1911,47.5,53,0.233,17.0,80,0.625,20,0.0,1850,58.8,41.2,0.0,0.0,2.0,1.5,30.0,40,105.7,100,0
19920529,234,61,34453,1,0,0,0,0,2,0,1,0,2,3,816,9,2,0,1910,50.0,56,0.3,15.0,80,0.1875,26,0.0,1950,58.8,41.2,0.0,0.0,2.5,1.5,30.0,40,102.85700000000001,100,0
19920530,356,22,34763,2,0,0,0,0,2,2,1,0,0,2,824,2,3,0,1911,55.0,56,0.3,21.0,80,0.875,35,0.0,1650,58.8,41.2,0.0,0.0,2.1,0.6,30.0,40,100.0,100,0
19920531,313,22,34763,2,0,0,0,0,2,2,1,0,2,2,824,2,3,0,1910,55.0,54,0.3,17.5,82,0.8125,28,0.0,1600,58.8,41.2,0.0,0.0,2.5,1.0,30.0,40,102.94,100,0
19920603,341,62,34157,1,0,0,0,0,2,2,1,0,2,2,824,2,3,0,1910,40.0,57,0.3,16.0,86,0.8125,30,0.0,1700,58.8,41.2,0.0,0.0,2.5,1.0,30.0,40,102.94,100,0
19920610,228,61,34465,1,0,0,0,0,0,0,1,0,2,3,816,1,2,0,1910,35.0,56,0.267,15.1,81,0.75,32,0.0,2000,58.8,41.2,0.0,0.0,2.5,1.0,30.0,40,102.94,100,0
19920705,8,46,34527,0,0,0,0,0,2,0,1,0,2,2,821,7,2,0,1910,50.0,66,0.3,14.8,80,0.625,30,0.0,1840,58.8,41.2,0.0,0.0,2.5,1.0,30.0,40,100.0,100,0
19920709,157,51,47304,2,0,0,0,0,2,2,1,0,2,3,815,9,1,0,1911,50.0,67,0.3,14.5,86,0.75,22,0.0,1300,58.8,41.2,0.0,0.0,2.5,2.0,30.0,40,102.77,100,0
19920808,0,39,36567,0,0,0,0,0,0,0,1,0,1,0,816,2,1,0,1910,40.0,62,0.33299999999999996,14.5,84,0.75,23,0.0,1200,58.8,41.2,0.0,0.0,2.5,1.0,30.0,40,103.22,100,0
19920822,6,46,34533,0,0,0,0,0,1,2,1,0,2,2,821,2,3,0,1910,40.0,63,0.233,15.5,79,0.625,35,0.0,1760,58.8,41.2,0.0,0.0,2.4,1.0,30.0,40,106.25,100,0
19920826,48,34,34905,0,0,0,0,0,0,0,1,0,2,0,816,9,1,0,1910,40.0,67,0.3,15.1,80,0.75,28,0.0,1780,58.8,41.2,0.0,0.0,2.5,1.0,30.0,40,106.25,100,0
19920911,12,46,34534,0,0,0,0,0,1,2,1,0,2,2,821,7,2,0,1911,40.0,50,0.33299999999999996,15.7,82,0.75,30,0.0,1850,58.8,41.2,0.0,0.0,2.5,1.0,30.0,40,103.22,100,0
19920915,10,46,34534,0,0,0,0,0,1,2,1,0,2,2,821,7,2,0,1911,40.0,60,0.3,15.0,82,0.5,22,0.0,1800,58.8,41.2,0.0,0.0,2.5,1.0,30.0,40,96.8,100,0
19920918,7,46,34534,0,0,0,0,0,1,2,1,0,2,2,821,7,2,0,1911,40.0,60,0.267,14.8,80,0.625,25,0.0,1850,58.8,41.2,0.0,0.0,2.5,1.0,30.0,40,96.9,100,0
19920920,9,46,34534,0,0,0,0,0,1,2,1,0,2,2,821,7,2,0,1910,40.0,56,0.3,14.1,82,0.625,40,0.0,1800,58.8,41.2,0.0,0.0,2.5,0.9,30.0,40,96.9,100,0
19920712,164,40,36568,0,0,0,0,0,1,2,1,0,0,0,816,2,1,0,1911,40.0,56,0.36700000000000005,15.1,78,0.5,29,0.0,1320,58.8,41.2,0.0,0.0,2.5,1.0,30.0,40,96.9,100,0
19921001,260,9,36054,0,0,0,0,0,1,2,1,0,2,0,816,2,1,0,1911,40.0,47,0.2,15.0,85,0.5,24,0.0,1470,58.8,41.2,0.0,0.0,1.8,1.7,30.0,40,96.9,100,0
19921004,2,65,24780,0,0,0,0,0,1,2,1,0,2,2,821,7,3,0,1911,40.0,55,0.36700000000000005,15.5,76,0.75,30,0.0,1750,58.8,41.2,0.0,0.0,2.5,1.2,30.0,40,96.9,100,0
19921125,143,39,36569,0,0,0,0,0,1,1,1,0,2,0,816,2,1,0,1910,40.0,53,0.3,14.2,72,1.0,28,0.0,1600,58.8,41.2,0.0,0.0,2.7,1.5,30.0,40,106.1,100,0
19921129,166,39,36569,0,0,0,0,0,1,1,1,0,2,0,816,2,1,0,1910,40.0,39,0.3,15.1,71,0.625,30,0.0,1700,58.8,41.2,0.0,0.0,2.5,1.5,30.0,40,106.1,100,0
19930113,146,51,47401,0,0,0,0,0,0,0,1,0,2,0,816,2,1,0,1911,40.0,46,0.3,17.0,80,0.25,25,0.0,1700,58.8,41.2,0.0,0.0,2.5,1.5,30.0,30,117.7,95,0
19930205,232,61,35502,0,0,0,0,0,1,2,0,0,2,0,815,2,2,0,1910,40.0,35,0.3,16.2,88,0.5,28,0.0,1750,58.8,41.2,0.0,0.0,2.3,1.0,30.0,40,106.0,100,0
19930217,276,44,35986,0,0,0,0,0,0,0,0,0,2,3,802,7,2,0,1910,40.0,40,0.33299999999999996,14.5,70,0.75,60,0.0,1250,58.8,41.2,0.0,0.0,2.0,1.5,30.0,40,112.5,100,0
19930219,259,18,37046,0,0,0,0,0,0,0,0,0,2,3,802,7,1,0,1911,40.0,39,0.3,16.0,72,0.75,50,0.0,1350,58.8,41.2,0.0,0.0,2.5,2.2,30.0,40,106.6,95,0
19930227,196,9,35831,0,0,0,0,0,1,1,0,0,2,0,815,2,1,0,1911,40.0,40,0.3,16.5,84,0.625,26,0.0,1565,58.8,41.2,0.0,0.0,2.5,1.0,30.0,40,106.6,95,0
19930309,11,46,85725,0,0,0,0,0,1,2,0,0,2,2,821,7,3,0,1910,40.0,44,0.2,16.22,74,0.75,30,0.0,2200,58.8,41.2,0.0,0.0,2.8,0.8,30.0,40,106.6,95,0
19930407,113,62,35661,0,0,0,0,0,2,2,0,0,2,0,816,2,3,0,1910,40.0,47,0.233,16.5,86,0.25,30,0.0,1750,58.8,41.2,0.0,0.0,2.1,2.1,30.0,40,109.6,95,0
19930421,401,26,37392,0,0,0,0,0,2,2,0,0,2,2,824,2,3,0,1910,40.0,45,0.2,17.0,84,0.8125,27,0.0,1865,58.8,41.2,0.0,0.0,1.5,0.7,30.0,40,109.1,95,0
19930514,167,51,47403,0,0,0,0,0,0,0,0,0,2,0,816,2,1,0,1911,40.0,52,0.2,16.0,75,0.3125,25,0.0,1500,58.8,41.2,0.0,0.0,2.5,0.6,30.0,40,109.1,100,0
19930624,424,46,85741,0,0,0,0,0,2,2,0,0,0,0,816,2,3,0,1911,40.0,54,0.3,15.0,80,0.5,30,0.0,2020,58.8,41.2,0.0,0.0,2.9,0.5,30.0,40,110.3,100,0
19930906,22,46,85750,0,0,0,0,0,1,2,0,0,2,2,827,2,3,0,1911,40.0,54,0.3,16.5,88,0.75,25,0.0,1850,58.8,41.2,0.0,0.0,3.0,2.0,30.0,40,107.14,95,0
19930908,148,51,47405,0,0,0,0,0,0,0,0,0,2,0,815,2,1,0,1911,40.0,56,0.3,14.0,91,1.125,27,0.0,1650,58.8,41.2,0.0,0.0,3.0,1.5,30.0,40,100.0,95,0
19930915,255,62,37191,0,0,0,0,0,0,0,0,0,2,0,815,2,1,0,1911,40.0,50,0.2,16.5,74,0.625,34,0.0,1750,58.8,41.2,0.0,0.0,2.6,1.0,30.0,40,103.125,95,0
19930916,255,39,35069,0,0,0,0,0,0,0,0,0,2,0,816,9,1,0,1911,40.0,56,0.2,17.0,75,0.75,25,0.0,1600,58.8,41.2,0.0,0.0,2.0,1.0,30.0,40,103.125,95,0
19930928,193,62,37191,0,0,0,0,0,0,0,0,0,2,0,815,9,1,0,1910,40.0,55,0.2,17.0,95,0.625,27,0.0,1600,58.8,41.2,0.0,0.0,2.5,1.0,30.0,40,106.25,100,0
19931008,42,42,35425,0,0,0,0,0,1,2,0,0,2,2,821,7,3,0,1911,40.0,54,0.267,15.5,80,0.75,40,0.0,2000,58.8,41.2,0.0,0.0,1.8,1.3,30.0,40,107.14,100,0
19940904,331,66,71331,0,0,0,0,0,1,2,0,0,0,2,824,2,3,0,1911,40.0,54,0.2,15.5,78,0.8125,30,0.0,2100,58.8,41.2,0.0,0.0,1.2,1.0,30.0,40,97.05,100,0
19941004,16,46,85813,0,0,0,0,0,1,0,0,0,2,2,828,2,3,0,1910,40.0,53,0.2,17.0,73,0.75,35,0.0,2100,58.8,41.2,0.0,0.0,2.6,1.3,30.0,40,113.3,100,0
19941001,33,25,38240,0,0,0,0,0,2,2,0,0,1,2,828,2,3,0,1911,40.0,54,0.2,16.0,83,0.75,28,0.0,2400,58.8,41.2,0.0,0.0,2.5,1.0,30.0,40,112.5,100,0
19940927,25,25,38240,0,0,0,0,0,2,2,0,0,2,2,828,9,3,0,1911,40.0,60,0.2,14.9,76,1.0,30,0.0,2500,58.8,41.2,0.0,0.0,0.5,0.5,30.0,40,112.5,100,0
19941007,14,46,85813,0,0,0,0,0,1,2,0,0,0,2,827,2,3,0,1910,40.0,56,0.3,18.3,80,1.0,32,0.0,1900,58.8,41.2,0.0,0.0,2.5,1.0,30.0,40,110.0,100,0
19941005,13,46,85813,0,0,0,0,0,1,2,0,0,0,2,827,9,3,0,1910,40.0,52,0.2,18.0,82,1.0,25,0.0,1880,58.8,41.2,0.0,0.0,1.0,1.0,30.0,40,112.5,100,0
19941009,178,8,38064,0,0,0,0,0,1,0,0,0,2,0,815,1,3,0,1910,40.0,54,0.2,16.1,76,0.5,34,0.0,2100,58.8,41.2,0.0,0.0,0.0,0.0,30.0,40,110.0,100,0
19941009,12,46,85814,0,0,0,0,0,1,0,0,0,0,2,827,2,3,0,1910,40.0,54,0.3,16.5,70,1.0,34,0.0,1903,58.8,41.2,0.0,0.0,2.7,2.8,30.0,40,108.0,100,0
19941010,15,46,85814,0,0,0,0,0,1,2,0,0,0,2,828,2,3,0,1910,40.0,46,0.267,16.4,76,1.0,34,0.0,1903,58.8,41.2,0.0,0.0,1.5,2.3,30.0,40,108.0,100,0
19941010,185,8,38064,0,0,0,0,0,1,2,0,0,2,0,815,1,3,0,1910,40.0,46,0.2,14.2,75,0.75,25,0.0,2050,58.8,41.2,0.0,0.0,2.5,1.0,30.0,40,108.1,100,0
